student_id,theta,true_score,group_theta,method,final_score,total_items,q_no,item_id,C_level,D_level,b_param,is_correct,theta_est,se,es
742,-1.085150526557798,31.814957529556047,Sangat Rendah,CAT-EAP,41.210069409884845,20,1,598,C4,D2,0.14363236696740303,0,-0.48969714148168564,0.8520389267282031,
742,-1.085150526557798,31.814957529556047,Sangat Rendah,CAT-EAP,41.210069409884845,20,2,421,C3,D2,-0.4829134561872058,0,-0.8985845667617293,0.7611467108410939,
742,-1.085150526557798,31.814957529556047,Sangat Rendah,CAT-EAP,41.210069409884845,20,3,382,C3,D1,-0.9106525908741671,1,-0.5604559456329041,0.6607409163627339,
742,-1.085150526557798,31.814957529556047,Sangat Rendah,CAT-EAP,41.210069409884845,20,4,296,C2,D3,-0.6090583359529869,1,-0.30017289365254884,0.6002892975610474,
742,-1.085150526557798,31.814957529556047,Sangat Rendah,CAT-EAP,41.210069409884845,20,5,487,C3,D3,-0.3122722021562299,1,-0.07373117331993548,0.5602485490694595,
742,-1.085150526557798,31.814957529556047,Sangat Rendah,CAT-EAP,41.210069409884845,20,6,460,C3,D3,-0.0946847146667097,0,-0.2767401117486263,0.5132527558100642,
742,-1.085150526557798,31.814957529556047,Sangat Rendah,CAT-EAP,41.210069409884845,20,7,549,C4,D1,-0.35255251709247404,1,-0.11262064361811061,0.4858068580211368,
742,-1.085150526557798,31.814957529556047,Sangat Rendah,CAT-EAP,41.210069409884845,20,8,494,C3,D3,-0.08109834688924489,0,-0.2649283760506077,0.45456612355490483,
742,-1.085150526557798,31.814957529556047,Sangat Rendah,CAT-EAP,41.210069409884845,20,9,529,C4,D1,-0.17506163162892466,1,-0.11887524354547414,0.4346660643045236,
742,-1.085150526557798,31.814957529556047,Sangat Rendah,CAT-EAP,41.210069409884845,20,10,572,C4,D2,0.09522886438580183,0,-0.22873976930099585,0.41265319585719823,
742,-1.085150526557798,31.814957529556047,Sangat Rendah,CAT-EAP,41.210069409884845,20,11,502,C3,D3,-0.2387701559935985,0,-0.344467803273584,0.3956157107927843,
742,-1.085150526557798,31.814957529556047,Sangat Rendah,CAT-EAP,41.210069409884845,20,12,545,C4,D1,-0.32803043986708963,0,-0.4494072940087342,0.3822518858236772,
742,-1.085150526557798,31.814957529556047,Sangat Rendah,CAT-EAP,41.210069409884845,20,13,414,C3,D2,-0.3303543631709962,1,-0.34199766936870096,0.36651906818580277,
742,-1.085150526557798,31.814957529556047,Sangat Rendah,CAT-EAP,41.210069409884845,20,14,473,C3,D3,-0.19177160107245764,0,-0.4242180765124917,0.3557693982883489,
742,-1.085150526557798,31.814957529556047,Sangat Rendah,CAT-EAP,41.210069409884845,20,15,356,C3,D1,-0.6503955688510817,1,-0.35056277365996785,0.3436826378440599,
742,-1.085150526557798,31.814957529556047,Sangat Rendah,CAT-EAP,41.210069409884845,20,16,459,C3,D3,-0.3081056540408263,0,-0.42883554943727775,0.3346747232229409,
742,-1.085150526557798,31.814957529556047,Sangat Rendah,CAT-EAP,41.210069409884845,20,17,363,C3,D1,-0.6406813373360604,0,-0.5171757199731756,0.3273648803967308,
742,-1.085150526557798,31.814957529556047,Sangat Rendah,CAT-EAP,41.210069409884845,20,18,303,C2,D3,-0.8238948046866409,1,-0.4578392670985882,0.31747171368300353,
742,-1.085150526557798,31.814957529556047,Sangat Rendah,CAT-EAP,41.210069409884845,20,19,424,C3,D2,-0.5778304725402312,0,-0.5326139393473094,0.3109641992042517,
742,-1.085150526557798,31.814957529556047,Sangat Rendah,CAT-EAP,41.210069409884845,20,20,322,C2,D3,-0.8203045386042992,0,-0.6143023440520651,0.3054636589255482,
742,-1.085150526557798,31.814957529556047,Sangat Rendah,CAT-MLE,29.537162501852254,20,1,598,C4,D2,0.14363236696740303,0,-0.856367633032597,1.7277949278140572,
742,-1.085150526557798,31.814957529556047,Sangat Rendah,CAT-MLE,29.537162501852254,20,2,382,C3,D1,-0.9106525908741671,0,-1.9106525908741672,1.5257052804724403,
742,-1.085150526557798,31.814957529556047,Sangat Rendah,CAT-MLE,29.537162501852254,20,3,32,C1,D1,-2.0385082280416316,1,-1.5867674230389162,0.9617985299727014,
742,-1.085150526557798,31.814957529556047,Sangat Rendah,CAT-MLE,29.537162501852254,20,4,122,C1,D3,-1.384627489405447,0,-2.00353642153367,0.8458266772918008,
742,-1.085150526557798,31.814957529556047,Sangat Rendah,CAT-MLE,29.537162501852254,20,5,6,C1,D1,-1.923256527084709,1,-1.6221240978055285,0.6847815656053962,
742,-1.085150526557798,31.814957529556047,Sangat Rendah,CAT-MLE,29.537162501852254,20,6,65,C1,D2,-1.6742449609277235,1,-1.357703075729855,0.6128049021389075,
742,-1.085150526557798,31.814957529556047,Sangat Rendah,CAT-MLE,29.537162501852254,20,7,204,C2,D1,-1.3767950062642362,1,-1.1254900465458049,0.5687862260541195,
742,-1.085150526557798,31.814957529556047,Sangat Rendah,CAT-MLE,29.537162501852254,20,8,260,C2,D2,-1.1055547698896617,1,-0.9127725800530073,0.5398818848840319,
742,-1.085150526557798,31.814957529556047,Sangat Rendah,CAT-MLE,29.537162501852254,20,9,365,C3,D1,-0.8989604820258581,0,-1.0934218292464017,0.49027320497990484,
742,-1.085150526557798,31.814957529556047,Sangat Rendah,CAT-MLE,29.537162501852254,20,10,233,C2,D2,-0.9820559879278712,1,-0.9193671963319312,0.46891922203373126,
742,-1.085150526557798,31.814957529556047,Sangat Rendah,CAT-MLE,29.537162501852254,20,11,302,C2,D3,-0.8830950116411037,0,-1.0592955148961232,0.4371942939629256,
742,-1.085150526557798,31.814957529556047,Sangat Rendah,CAT-MLE,29.537162501852254,20,12,235,C2,D2,-1.2713134529090877,0,-1.2064378776438245,0.41408690764484335,
742,-1.085150526557798,31.814957529556047,Sangat Rendah,CAT-MLE,29.537162501852254,20,13,115,C1,D3,-1.3526762375426453,1,-1.1027996840148266,0.39774634536863723,
742,-1.085150526557798,31.814957529556047,Sangat Rendah,CAT-MLE,29.537162501852254,20,14,240,C2,D2,-1.0953019406235256,0,-1.2083772766425147,0.3806962342390842,
742,-1.085150526557798,31.814957529556047,Sangat Rendah,CAT-MLE,29.537162501852254,20,15,258,C2,D2,-1.238010145821489,1,-1.1118140249043953,0.36778156818160523,
742,-1.085150526557798,31.814957529556047,Sangat Rendah,CAT-MLE,29.537162501852254,20,16,231,C2,D2,-1.232023320702064,1,-1.0275945199998837,0.35750353331925727,
742,-1.085150526557798,31.814957529556047,Sangat Rendah,CAT-MLE,29.537162501852254,20,17,303,C2,D3,-0.8238948046866409,0,-1.102461331934625,0.3443604711866602,
742,-1.085150526557798,31.814957529556047,Sangat Rendah,CAT-MLE,29.537162501852254,20,18,274,C2,D2,-1.0786020089265778,0,-1.181560567044717,0.33359409006824964,
742,-1.085150526557798,31.814957529556047,Sangat Rendah,CAT-MLE,29.537162501852254,20,19,146,C1,D3,-1.4114736441466897,0,-1.2720361629390353,0.3244640792683553,
742,-1.085150526557798,31.814957529556047,Sangat Rendah,CAT-MLE,29.537162501852254,20,20,171,C2,D1,-1.4151785095035583,1,-1.2064163752729145,0.31550021035166237,
742,-1.085150526557798,31.814957529556047,Sangat Rendah,RB-Prior,34.27230046948356,34,1,9,C1,D1,-1.9758037728433966,0,,,41.666666666666664
742,-1.085150526557798,31.814957529556047,Sangat Rendah,RB-Prior,34.27230046948356,34,2,6,C1,D1,-1.923256527084709,0,,,35.714285714285715
742,-1.085150526557798,31.814957529556047,Sangat Rendah,RB-Prior,34.27230046948356,34,3,1,C1,D1,-1.9503285846988767,1,,,43.75
742,-1.085150526557798,31.814957529556047,Sangat Rendah,RB-Prior,34.27230046948356,34,4,64,C1,D2,-1.659594914318546,1,,,51.08695652173913
742,-1.085150526557798,31.814957529556047,Sangat Rendah,RB-Prior,34.27230046948356,34,5,123,C1,D3,-1.3941791281554,1,,,57.54716981132076
742,-1.085150526557798,31.814957529556047,Sangat Rendah,RB-Prior,34.27230046948356,34,6,223,C2,D1,-1.1810197066782326,0,,,52.13675213675214
742,-1.085150526557798,31.814957529556047,Sangat Rendah,RB-Prior,34.27230046948356,34,7,210,C2,D1,-1.4159938529963427,1,,,56.25000000000001
742,-1.085150526557798,31.814957529556047,Sangat Rendah,RB-Prior,34.27230046948356,34,8,275,C2,D2,-1.111232804969083,1,,,60.33994334277621
742,-1.085150526557798,31.814957529556047,Sangat Rendah,RB-Prior,34.27230046948356,34,9,335,C2,D3,-0.7981581620810447,1,,,64.24010217113666
742,-1.085150526557798,31.814957529556047,Sangat Rendah,RB-Prior,34.27230046948356,34,10,352,C3,D1,-0.8922165324177626,0,,,59.667852906287074
742,-1.085150526557798,31.814957529556047,Sangat Rendah,RB-Prior,34.27230046948356,34,11,374,C3,D1,-0.9295078772063616,0,,,55.70321151716501
742,-1.085150526557798,31.814957529556047,Sangat Rendah,RB-Prior,34.27230046948356,34,12,348,C3,D1,-0.8510016398854747,0,,,52.23260643821392
742,-1.085150526557798,31.814957529556047,Sangat Rendah,RB-Prior,34.27230046948356,34,13,382,C3,D1,-0.9106525908741671,0,,,49.16911045943305
742,-1.085150526557798,31.814957529556047,Sangat Rendah,RB-Prior,34.27230046948356,34,14,339,C3,D1,-0.9478586245779842,1,,,51.98522622345338
742,-1.085150526557798,31.814957529556047,Sangat Rendah,RB-Prior,34.27230046948356,34,15,422,C3,D2,-0.5183983336352679,0,,,48.74458874458875
742,-1.085150526557798,31.814957529556047,Sangat Rendah,RB-Prior,34.27230046948356,34,16,357,C3,D1,-0.7720031373680181,0,,,46.33744855967079
742,-1.085150526557798,31.814957529556047,Sangat Rendah,RB-Prior,34.27230046948356,34,17,356,C3,D1,-0.6503955688510817,0,,,44.156862745098046
742,-1.085150526557798,31.814957529556047,Sangat Rendah,RB-Prior,34.27230046948356,34,18,361,C3,D1,-0.8790474455445312,0,,,42.17228464419476
742,-1.085150526557798,31.814957529556047,Sangat Rendah,RB-Prior,34.27230046948356,34,19,369,C3,D1,-0.815800789857899,0,,,40.358422939068106
742,-1.085150526557798,31.814957529556047,Sangat Rendah,RB-Prior,34.27230046948356,34,20,338,C3,D1,-1.0211135309007886,0,,,38.69415807560138
742,-1.085150526557798,31.814957529556047,Sangat Rendah,RB-Prior,34.27230046948356,34,21,381,C3,D1,-0.8268888690554831,1,,,41.12211221122113
742,-1.085150526557798,31.814957529556047,Sangat Rendah,RB-Prior,34.27230046948356,34,22,430,C3,D2,-0.4017309016054486,0,,,39.25645872715817
742,-1.085150526557798,31.814957529556047,Sangat Rendah,RB-Prior,34.27230046948356,34,23,385,C3,D1,-0.7801915239232146,1,,,41.469338190649665
742,-1.085150526557798,31.814957529556047,Sangat Rendah,RB-Prior,34.27230046948356,34,24,433,C3,D2,-0.44823409795308766,0,,,39.73240255962769
742,-1.085150526557798,31.814957529556047,Sangat Rendah,RB-Prior,34.27230046948356,34,25,362,C3,D1,-0.7528531642864005,0,,,38.39235525576166
742,-1.085150526557798,31.814957529556047,Sangat Rendah,RB-Prior,34.27230046948356,34,26,368,C3,D1,-0.6905808481529052,0,,,37.139749864056554
742,-1.085150526557798,31.814957529556047,Sangat Rendah,RB-Prior,34.27230046948356,34,27,380,C3,D1,-0.6873434970452243,0,,,35.9662980516061
742,-1.085150526557798,31.814957529556047,Sangat Rendah,RB-Prior,34.27230046948356,34,28,347,C3,D1,-0.6962460055742101,0,,,34.86472690148034
742,-1.085150526557798,31.814957529556047,Sangat Rendah,RB-Prior,34.27230046948356,34,29,390,C3,D1,-0.6496007011417312,1,,,36.80039623576027
742,-1.085150526557798,31.814957529556047,Sangat Rendah,RB-Prior,34.27230046948356,34,30,407,C3,D2,-0.46738669777578823,0,,,35.53323768531802
742,-1.085150526557798,31.814957529556047,Sangat Rendah,RB-Prior,34.27230046948356,34,31,383,C3,D1,-0.542664019675014,0,,,34.54207345420734
742,-1.085150526557798,31.814957529556047,Sangat Rendah,RB-Prior,34.27230046948356,34,32,370,C3,D1,-0.8426881069947421,0,,,33.60470375395747
742,-1.085150526557798,31.814957529556047,Sangat Rendah,RB-Prior,34.27230046948356,34,33,378,C3,D1,-0.8054294866517813,1,,,35.358872743284884
742,-1.085150526557798,31.814957529556047,Sangat Rendah,RB-Prior,34.27230046948356,34,34,424,C3,D2,-0.5778304725402312,0,,,34.27230046948356
742,-1.085150526557798,31.814957529556047,Sangat Rendah,RB-NoPrior,34.33551198257078,37,1,28,C1,D1,-2.030110369558929,1,,,100.0
742,-1.085150526557798,31.814957529556047,Sangat Rendah,RB-NoPrior,34.33551198257078,37,2,76,C1,D2,-1.840185106279228,0,,,45.45454545454545
742,-1.085150526557798,31.814957529556047,Sangat Rendah,RB-NoPrior,34.33551198257078,37,3,13,C1,D1,-1.8534351231078445,1,,,62.5
742,-1.085150526557798,31.814957529556047,Sangat Rendah,RB-NoPrior,34.33551198257078,37,4,57,C1,D2,-1.7702053093877352,1,,,72.72727272727272
742,-1.085150526557798,31.814957529556047,Sangat Rendah,RB-NoPrior,34.33551198257078,37,5,139,C1,D3,-1.4715303709259968,1,,,79.31034482758619
742,-1.085150526557798,31.814957529556047,Sangat Rendah,RB-NoPrior,34.33551198257078,37,6,185,C2,D1,-1.3174583651011968,0,,,66.66666666666666
742,-1.085150526557798,31.814957529556047,Sangat Rendah,RB-NoPrior,34.33551198257078,37,7,195,C2,D1,-1.4012246772846915,1,,,71.24999999999999
742,-1.085150526557798,31.814957529556047,Sangat Rendah,RB-NoPrior,34.33551198257078,37,8,239,C2,D2,-1.0994756300281816,1,,,75.32188841201716
742,-1.085150526557798,31.814957529556047,Sangat Rendah,RB-NoPrior,34.33551198257078,37,9,322,C2,D3,-0.8203045386042992,1,,,78.82136279926334
742,-1.085150526557798,31.814957529556047,Sangat Rendah,RB-NoPrior,34.33551198257078,37,10,373,C3,D1,-0.9289960899741054,0,,,70.97844112769485
742,-1.085150526557798,31.814957529556047,Sangat Rendah,RB-NoPrior,34.33551198257078,37,11,375,C3,D1,-0.8259591351363605,0,,,64.5550527903469
742,-1.085150526557798,31.814957529556047,Sangat Rendah,RB-NoPrior,34.33551198257078,37,12,380,C3,D1,-0.6873434970452243,1,,,67.49654218533887
742,-1.085150526557798,31.814957529556047,Sangat Rendah,RB-NoPrior,34.33551198257078,37,13,436,C3,D2,-0.6406661096848223,0,,,61.38364779874214
742,-1.085150526557798,31.814957529556047,Sangat Rendah,RB-NoPrior,34.33551198257078,37,14,381,C3,D1,-0.8268888690554831,1,,,64.09356725146198
742,-1.085150526557798,31.814957529556047,Sangat Rendah,RB-NoPrior,34.33551198257078,37,15,409,C3,D2,-0.5522723020519039,0,,,59.11542610571736
742,-1.085150526557798,31.814957529556047,Sangat Rendah,RB-NoPrior,34.33551198257078,37,16,392,C3,D1,-1.007339023240815,1,,,61.60081053698073
742,-1.085150526557798,31.814957529556047,Sangat Rendah,RB-NoPrior,34.33551198257078,37,17,416,C3,D2,-0.4600863885647929,0,,,57.41265344664776
742,-1.085150526557798,31.814957529556047,Sangat Rendah,RB-NoPrior,34.33551198257078,37,18,377,C3,D1,-1.0696886642941572,0,,,54.33422698838247
742,-1.085150526557798,31.814957529556047,Sangat Rendah,RB-NoPrior,34.33551198257078,37,19,368,C3,D1,-0.6905808481529052,0,,,51.56912637828667
742,-1.085150526557798,31.814957529556047,Sangat Rendah,RB-NoPrior,34.33551198257078,37,20,382,C3,D1,-0.9106525908741671,0,,,49.07183212267957
742,-1.085150526557798,31.814957529556047,Sangat Rendah,RB-NoPrior,34.33551198257078,37,21,388,C3,D1,-0.8543424771133765,0,,,46.80523479599691
742,-1.085150526557798,31.814957529556047,Sangat Rendah,RB-NoPrior,34.33551198257078,37,22,341,C3,D1,-0.7367218133893716,1,,,49.153789551140534
742,-1.085150526557798,31.814957529556047,Sangat Rendah,RB-NoPrior,34.33551198257078,37,23,413,C3,D2,-0.7081929407883722,0,,,46.68064290705799
742,-1.085150526557798,31.814957529556047,Sangat Rendah,RB-NoPrior,34.33551198257078,37,24,347,C3,D1,-0.6962460055742101,0,,,44.8021462105969
742,-1.085150526557798,31.814957529556047,Sangat Rendah,RB-NoPrior,34.33551198257078,37,25,339,C3,D1,-0.9478586245779842,1,,,46.93745970341714
742,-1.085150526557798,31.814957529556047,Sangat Rendah,RB-NoPrior,34.33551198257078,37,26,428,C3,D2,-0.4527402517586957,0,,,44.85520640788663
742,-1.085150526557798,31.814957529556047,Sangat Rendah,RB-NoPrior,34.33551198257078,37,27,337,C3,D1,-0.7170594418816512,0,,,43.256090314913834
742,-1.085150526557798,31.814957529556047,Sangat Rendah,RB-NoPrior,34.33551198257078,37,28,364,C3,D1,-0.8511215676431185,0,,,41.767068273092356
742,-1.085150526557798,31.814957529556047,Sangat Rendah,RB-NoPrior,34.33551198257078,37,29,359,C3,D1,-0.7890605205395107,0,,,40.37714919578479
742,-1.085150526557798,31.814957529556047,Sangat Rendah,RB-NoPrior,34.33551198257078,37,30,343,C3,D1,-0.8459360899540245,0,,,39.07675791733761
742,-1.085150526557798,31.814957529556047,Sangat Rendah,RB-NoPrior,34.33551198257078,37,31,348,C3,D1,-0.8510016398854747,0,,,37.85751430057201
742,-1.085150526557798,31.814957529556047,Sangat Rendah,RB-NoPrior,34.33551198257078,37,32,386,C3,D1,-0.8144360411923943,0,,,36.71205244578919
742,-1.085150526557798,31.814957529556047,Sangat Rendah,RB-NoPrior,34.33551198257078,37,33,384,C3,D1,-0.7940781565985512,0,,,35.63387175721975
742,-1.085150526557798,31.814957529556047,Sangat Rendah,RB-NoPrior,34.33551198257078,37,34,342,C3,D1,-0.5729307142195604,0,,,34.61721350451733
742,-1.085150526557798,31.814957529556047,Sangat Rendah,RB-NoPrior,34.33551198257078,37,35,362,C3,D1,-0.7528531642864005,0,,,33.65695792880256
742,-1.085150526557798,31.814957529556047,Sangat Rendah,RB-NoPrior,34.33551198257078,37,36,370,C3,D1,-0.8426881069947421,1,,,35.44759334233016
742,-1.085150526557798,31.814957529556047,Sangat Rendah,RB-NoPrior,34.33551198257078,37,37,393,C3,D2,-0.6407511694717821,0,,,34.33551198257078
24,-0.30920907704986345,47.58405798485853,Rendah,CAT-EAP,47.26439790289997,20,1,598,C4,D2,0.14363236696740303,0,-0.48969714148168564,0.8520389267282031,
24,-0.30920907704986345,47.58405798485853,Rendah,CAT-EAP,47.26439790289997,20,2,421,C3,D2,-0.4829134561872058,1,-0.08007822687962063,0.7332005057393702,
24,-0.30920907704986345,47.58405798485853,Rendah,CAT-EAP,47.26439790289997,20,3,460,C3,D3,-0.0946847146667097,0,-0.4007910050276684,0.6578967079934304,
24,-0.30920907704986345,47.58405798485853,Rendah,CAT-EAP,47.26439790289997,20,4,487,C3,D3,-0.3122722021562299,0,-0.653040442369218,0.6096558843031673,
24,-0.30920907704986345,47.58405798485853,Rendah,CAT-EAP,47.26439790289997,20,5,296,C2,D3,-0.6090583359529869,1,-0.41363083371847437,0.5485592125138437,
24,-0.30920907704986345,47.58405798485853,Rendah,CAT-EAP,47.26439790289997,20,6,549,C4,D1,-0.35255251709247404,0,-0.600238281886249,0.5168618572214541,
24,-0.30920907704986345,47.58405798485853,Rendah,CAT-EAP,47.26439790289997,20,7,356,C3,D1,-0.6503955688510817,0,-0.7786563628573052,0.49519008893433036,
24,-0.30920907704986345,47.58405798485853,Rendah,CAT-EAP,47.26439790289997,20,8,382,C3,D1,-0.9106525908741671,1,-0.6299350759693397,0.4584423482049122,
24,-0.30920907704986345,47.58405798485853,Rendah,CAT-EAP,47.26439790289997,20,9,303,C2,D3,-0.8238948046866409,0,-0.7888502177166772,0.4414812539974475,
24,-0.30920907704986345,47.58405798485853,Rendah,CAT-EAP,47.26439790289997,20,10,365,C3,D1,-0.8989604820258581,1,-0.6668696062923027,0.415849666930126,
24,-0.30920907704986345,47.58405798485853,Rendah,CAT-EAP,47.26439790289997,20,11,302,C2,D3,-0.8830950116411037,1,-0.5660283407886052,0.39691028116914273,
24,-0.30920907704986345,47.58405798485853,Rendah,CAT-EAP,47.26439790289997,20,12,363,C3,D1,-0.6406813373360604,0,-0.6774425750043945,0.3828104433848422,
24,-0.30920907704986345,47.58405798485853,Rendah,CAT-EAP,47.26439790289997,20,13,322,C2,D3,-0.8203045386042992,1,-0.5867588700332043,0.36801161434518753,
24,-0.30920907704986345,47.58405798485853,Rendah,CAT-EAP,47.26439790289997,20,14,323,C2,D3,-0.762885412662869,1,-0.5054850916873752,0.3563342000568496,
24,-0.30920907704986345,47.58405798485853,Rendah,CAT-EAP,47.26439790289997,20,15,545,C4,D1,-0.32803043986708963,0,-0.582249377427645,0.3447651703024047,
24,-0.30920907704986345,47.58405798485853,Rendah,CAT-EAP,47.26439790289997,20,16,424,C3,D2,-0.5778304725402312,1,-0.5012667428790257,0.33507246336698554,
24,-0.30920907704986345,47.58405798485853,Rendah,CAT-EAP,47.26439790289997,20,17,414,C3,D2,-0.3303543631709962,1,-0.4143755420734849,0.3268425138121517,
24,-0.30920907704986345,47.58405798485853,Rendah,CAT-EAP,47.26439790289997,20,18,502,C3,D3,-0.2387701559935985,1,-0.33089532872563304,0.31988355460882706,
24,-0.30920907704986345,47.58405798485853,Rendah,CAT-EAP,47.26439790289997,20,19,529,C4,D1,-0.17506163162892466,0,-0.3947547229823349,0.3102044001881163,
24,-0.30920907704986345,47.58405798485853,Rendah,CAT-EAP,47.26439790289997,20,20,459,C3,D3,-0.3081056540408263,1,-0.3243935860514806,0.30410213951944176,
24,-0.30920907704986345,47.58405798485853,Rendah,CAT-MLE,60.81815029924525,20,1,598,C4,D2,0.14363236696740303,1,1.1436323669674031,1.727794927814057,
24,-0.30920907704986345,47.58405798485853,Rendah,CAT-MLE,60.81815029924525,20,2,923,C6,D2,1.2708188731084455,0,0.7082746071105145,1.0320423210528944,
24,-0.30920907704986345,47.58405798485853,Rendah,CAT-MLE,60.81815029924525,20,3,729,C5,D2,0.590768723532742,1,1.1839731245686305,0.8650795409710111,
24,-0.30920907704986345,47.58405798485853,Rendah,CAT-MLE,60.81815029924525,20,4,900,C6,D2,1.2470947322653705,0,0.8204155266603536,0.7110609639890455,
24,-0.30920907704986345,47.58405798485853,Rendah,CAT-MLE,60.81815029924525,20,5,764,C5,D2,0.8490726136849952,0,0.527750357245102,0.6405191265517678,
24,-0.30920907704986345,47.58405798485853,Rendah,CAT-MLE,60.81815029924525,20,6,765,C5,D2,0.7148667457202111,0,0.30510537209992133,0.601622351530342,
24,-0.30920907704986345,47.58405798485853,Rendah,CAT-MLE,60.81815029924525,20,7,619,C4,D3,0.3637559058596866,1,0.530250746585038,0.5329259435723306,
24,-0.30920907704986345,47.58405798485853,Rendah,CAT-MLE,60.81815029924525,20,8,757,C5,D2,0.7056649924897107,1,0.7331009228850158,0.49196007663582014,
24,-0.30920907704986345,47.58405798485853,Rendah,CAT-MLE,60.81815029924525,20,9,813,C5,D3,0.9356481769619855,0,0.5971990671804219,0.4654153400638775,
24,-0.30920907704986345,47.58405798485853,Rendah,CAT-MLE,60.81815029924525,20,10,647,C4,D3,0.48700677306887524,0,0.4418252858485793,0.44741935908461944,
24,-0.30920907704986345,47.58405798485853,Rendah,CAT-MLE,60.81815029924525,20,11,689,C5,D1,0.24070062664683298,0,0.2856884083391414,0.43496705288383486,
24,-0.30920907704986345,47.58405798485853,Rendah,CAT-MLE,60.81815029924525,20,12,572,C4,D2,0.09522886438580183,1,0.39390573702367887,0.4084849145289746,
24,-0.30920907704986345,47.58405798485853,Rendah,CAT-MLE,60.81815029924525,20,13,636,C4,D3,0.3962777763490156,0,0.28110331123831267,0.3969043367839142,
24,-0.30920907704986345,47.58405798485853,Rendah,CAT-MLE,60.81815029924525,20,14,584,C4,D2,0.1924633682912767,0,0.166533041609628,0.3882453009781743,
24,-0.30920907704986345,47.58405798485853,Rendah,CAT-MLE,60.81815029924525,20,15,494,C3,D3,-0.08109834688924489,1,0.2500276044311158,0.36931725792409625,
24,-0.30920907704986345,47.58405798485853,Rendah,CAT-MLE,60.81815029924525,20,16,678,C5,D1,0.4281191423969375,1,0.35306575626536696,0.3534053517378377,
24,-0.30920907704986345,47.58405798485853,Rendah,CAT-MLE,60.81815029924525,20,17,738,C5,D2,0.5668767046442221,0,0.2803911428794886,0.3448388486035594,
24,-0.30920907704986345,47.58405798485853,Rendah,CAT-MLE,60.81815029924525,20,18,609,C4,D2,0.16523228784134178,0,0.19224964707659825,0.3382879201798374,
24,-0.30920907704986345,47.58405798485853,Rendah,CAT-MLE,60.81815029924525,20,19,460,C3,D3,-0.0946847146667097,1,0.2549801102417332,0.3263691964597588,
24,-0.30920907704986345,47.58405798485853,Rendah,CAT-MLE,60.81815029924525,20,20,607,C4,D2,0.2078680833431294,1,0.32442135763060714,0.31622626664776876,
24,-0.30920907704986345,47.58405798485853,Rendah,RB-Prior,52.05524498520226,40,1,55,C1,D1,-1.9902922450651959,1,,,58.333333333333336
24,-0.30920907704986345,47.58405798485853,Rendah,RB-Prior,52.05524498520226,40,2,95,C1,D2,-1.6706927526701318,1,,,65.27777777777777
24,-0.30920907704986345,47.58405798485853,Rendah,RB-Prior,52.05524498520226,40,3,150,C1,D3,-1.465332923257371,1,,,70.93023255813954
24,-0.30920907704986345,47.58405798485853,Rendah,RB-Prior,52.05524498520226,40,4,188,C2,D1,-1.397899615836724,1,,,74.22680412371135
24,-0.30920907704986345,47.58405798485853,Rendah,RB-Prior,52.05524498520226,40,5,245,C2,D2,-1.2534114170735622,0,,,65.33575317604355
24,-0.30920907704986345,47.58405798485853,Rendah,RB-Prior,52.05524498520226,40,6,189,C2,D1,-1.3675833647511557,1,,,68.48184818481849
24,-0.30920907704986345,47.58405798485853,Rendah,RB-Prior,52.05524498520226,40,7,241,C2,D2,-1.1450065471479243,1,,,71.57738095238095
24,-0.30920907704986345,47.58405798485853,Rendah,RB-Prior,52.05524498520226,40,8,301,C2,D3,-0.7951478372055172,0,,,64.21895861148198
24,-0.30920907704986345,47.58405798485853,Rendah,RB-Prior,52.05524498520226,40,9,233,C2,D2,-0.9820559879278712,1,,,67.11656441717791
24,-0.30920907704986345,47.58405798485853,Rendah,RB-Prior,52.05524498520226,40,10,294,C2,D3,-0.8190338678083607,0,,,61.32286995515695
24,-0.30920907704986345,47.58405798485853,Rendah,RB-Prior,52.05524498520226,40,11,237,C2,D2,-1.1114539845252616,1,,,63.987473903966595
24,-0.30920907704986345,47.58405798485853,Rendah,RB-Prior,52.05524498520226,40,12,319,C2,D3,-0.7470195822084716,0,,,59.22705314009662
24,-0.30920907704986345,47.58405798485853,Rendah,RB-Prior,52.05524498520226,40,13,275,C2,D2,-1.111232804969083,1,,,61.67120799273389
24,-0.30920907704986345,47.58405798485853,Rendah,RB-Prior,52.05524498520226,40,14,283,C2,D3,-0.8127917591480766,1,,,64.17657045840407
24,-0.30920907704986345,47.58405798485853,Rendah,RB-Prior,52.05524498520226,40,15,380,C3,D1,-0.6873434970452243,0,,,61.06623586429726
24,-0.30920907704986345,47.58405798485853,Rendah,RB-Prior,52.05524498520226,40,16,388,C3,D1,-0.8543424771133765,0,,,58.24345146379045
24,-0.30920907704986345,47.58405798485853,Rendah,RB-Prior,52.05524498520226,40,17,353,C3,D1,-0.75865650967763,1,,,60.088365243004425
24,-0.30920907704986345,47.58405798485853,Rendah,RB-Prior,52.05524498520226,40,18,415,C3,D2,-0.5544919086808949,1,,,62.0979020979021
24,-0.30920907704986345,47.58405798485853,Rendah,RB-Prior,52.05524498520226,40,19,465,C3,D3,-0.24344962274323162,0,,,58.652575957727876
24,-0.30920907704986345,47.58405798485853,Rendah,RB-Prior,52.05524498520226,40,20,429,C3,D2,-0.47439702656861243,0,,,55.98991172761665
24,-0.30920907704986345,47.58405798485853,Rendah,RB-Prior,52.05524498520226,40,21,387,C3,D1,-0.8032753270215999,1,,,57.59416767922235
24,-0.30920907704986345,47.58405798485853,Rendah,RB-Prior,52.05524498520226,40,22,446,C3,D2,-0.322919936436449,1,,,59.37136204889407
24,-0.30920907704986345,47.58405798485853,Rendah,RB-Prior,52.05524498520226,40,23,501,C3,D3,-0.26127886904843867,0,,,56.60377358490567
24,-0.30920907704986345,47.58405798485853,Rendah,RB-Prior,52.05524498520226,40,24,428,C3,D2,-0.4527402517586957,1,,,58.271077908217734
24,-0.30920907704986345,47.58405798485853,Rendah,RB-Prior,52.05524498520226,40,25,450,C3,D3,-0.3570224719890457,0,,,55.77119509703781
24,-0.30920907704986345,47.58405798485853,Rendah,RB-Prior,52.05524498520226,40,26,436,C3,D2,-0.6406661096848223,0,,,53.79310344827588
24,-0.30920907704986345,47.58405798485853,Rendah,RB-Prior,52.05524498520226,40,27,341,C3,D1,-0.7367218133893716,1,,,55.1196172248804
24,-0.30920907704986345,47.58405798485853,Rendah,RB-Prior,52.05524498520226,40,28,413,C3,D2,-0.7081929407883722,1,,,56.61424606845515
24,-0.30920907704986345,47.58405798485853,Rendah,RB-Prior,52.05524498520226,40,29,451,C3,D3,-0.20744334291000469,0,,,54.49688334817455
24,-0.30920907704986345,47.58405798485853,Rendah,RB-Prior,52.05524498520226,40,30,422,C3,D2,-0.5183983336352679,0,,,52.80414150129424
24,-0.30920907704986345,47.58405798485853,Rendah,RB-Prior,52.05524498520226,40,31,355,C3,D1,-0.9778720248904279,1,,,53.99495374264089
24,-0.30920907704986345,47.58405798485853,Rendah,RB-Prior,52.05524498520226,40,32,441,C3,D2,-0.5575637826237774,1,,,55.346938775510225
24,-0.30920907704986345,47.58405798485853,Rendah,RB-Prior,52.05524498520226,40,33,459,C3,D3,-0.3081056540408263,1,,,56.8271507498027
24,-0.30920907704986345,47.58405798485853,Rendah,RB-Prior,52.05524498520226,40,34,546,C4,D1,-0.11275426717198571,1,,,57.906887264332454
24,-0.30920907704986345,47.58405798485853,Rendah,RB-Prior,52.05524498520226,40,35,573,C4,D2,0.09963974609094298,1,,,59.133358236832294
24,-0.30920907704986345,47.58405798485853,Rendah,RB-Prior,52.05524498520226,40,36,666,C4,D3,0.315303865168167,0,,,57.18930635838152
24,-0.30920907704986345,47.58405798485853,Rendah,RB-Prior,52.05524498520226,40,37,600,C4,D2,0.11200313267182595,0,,,55.62192550948701
24,-0.30920907704986345,47.58405798485853,Rendah,RB-Prior,52.05524498520226,40,38,548,C4,D1,-0.20991758637793848,0,,,54.37993816557886
24,-0.30920907704986345,47.58405798485853,Rendah,RB-Prior,52.05524498520226,40,39,542,C4,D1,-0.4198805956620084,0,,,53.192204301075286
24,-0.30920907704986345,47.58405798485853,Rendah,RB-Prior,52.05524498520226,40,40,527,C4,D1,-0.13545158188589262,0,,,52.05524498520226
24,-0.30920907704986345,47.58405798485853,Rendah,RB-NoPrior,40.4460966542751,40,1,30,C1,D1,-1.8942877773781084,0,,,0.0
24,-0.30920907704986345,47.58405798485853,Rendah,RB-NoPrior,40.4460966542751,40,2,3,C1,D1,-2.0234153374723336,1,,,50.0
24,-0.30920907704986345,47.58405798485853,Rendah,RB-NoPrior,40.4460966542751,40,3,75,C1,D2,-1.55972056890639,1,,,68.75
24,-0.30920907704986345,47.58405798485853,Rendah,RB-NoPrior,40.4460966542751,40,4,146,C1,D3,-1.4114736441466897,1,,,78.26086956521739
24,-0.30920907704986345,47.58405798485853,Rendah,RB-NoPrior,40.4460966542751,40,5,217,C2,D1,-1.3775907518189583,1,,,82.4561403508772
24,-0.30920907704986345,47.58405798485853,Rendah,RB-NoPrior,40.4460966542751,40,6,234,C2,D2,-1.1469175652104704,1,,,85.75498575498575
24,-0.30920907704986345,47.58405798485853,Rendah,RB-NoPrior,40.4460966542751,40,7,331,C2,D3,-0.7128875296568307,1,,,88.31775700934581
24,-0.30920907704986345,47.58405798485853,Rendah,RB-NoPrior,40.4460966542751,40,8,373,C3,D1,-0.9289960899741054,1,,,89.75409836065576
24,-0.30920907704986345,47.58405798485853,Rendah,RB-NoPrior,40.4460966542751,40,9,433,C3,D2,-0.44823409795308766,0,,,78.21428571428574
24,-0.30920907704986345,47.58405798485853,Rendah,RB-NoPrior,40.4460966542751,40,10,355,C3,D1,-0.9778720248904279,0,,,70.6451612903226
24,-0.30920907704986345,47.58405798485853,Rendah,RB-NoPrior,40.4460966542751,40,11,361,C3,D1,-0.8790474455445312,0,,,64.41176470588238
24,-0.30920907704986345,47.58405798485853,Rendah,RB-NoPrior,40.4460966542751,40,12,390,C3,D1,-0.6496007011417312,0,,,59.18918918918921
24,-0.30920907704986345,47.58405798485853,Rendah,RB-NoPrior,40.4460966542751,40,13,358,C3,D1,-0.9125489047298377,0,,,54.75000000000002
24,-0.30920907704986345,47.58405798485853,Rendah,RB-NoPrior,40.4460966542751,40,14,356,C3,D1,-0.6503955688510817,1,,,57.90697674418605
24,-0.30920907704986345,47.58405798485853,Rendah,RB-NoPrior,40.4460966542751,40,15,428,C3,D2,-0.4527402517586957,1,,,61.1587982832618
24,-0.30920907704986345,47.58405798485853,Rendah,RB-NoPrior,40.4460966542751,40,16,455,C3,D3,-0.11660778454510966,1,,,64.37007874015748
24,-0.30920907704986345,47.58405798485853,Rendah,RB-NoPrior,40.4460966542751,40,17,519,C4,D1,-0.061784100896247446,0,,,60.49953746530989
24,-0.30920907704986345,47.58405798485853,Rendah,RB-NoPrior,40.4460966542751,40,18,505,C4,D1,-0.21769472274940513,0,,,57.06806282722513
24,-0.30920907704986345,47.58405798485853,Rendah,RB-NoPrior,40.4460966542751,40,19,525,C4,D1,-0.18089009319800983,0,,,54.00495458298926
24,-0.30920907704986345,47.58405798485853,Rendah,RB-NoPrior,40.4460966542751,40,20,532,C4,D1,-0.18133908768436435,0,,,51.253918495297796
24,-0.30920907704986345,47.58405798485853,Rendah,RB-NoPrior,40.4460966542751,40,21,533,C4,D1,-0.244643361455053,1,,,53.61670395227442
24,-0.30920907704986345,47.58405798485853,Rendah,RB-NoPrior,40.4460966542751,40,22,582,C4,D2,0.15725827813561566,0,,,50.669485553206485
24,-0.30920907704986345,47.58405798485853,Rendah,RB-NoPrior,40.4460966542751,40,23,546,C4,D1,-0.11275426717198571,0,,,48.45013477088949
24,-0.30920907704986345,47.58405798485853,Rendah,RB-NoPrior,40.4460966542751,40,24,522,C4,D1,-0.18532863135666788,0,,,46.41704325371207
24,-0.30920907704986345,47.58405798485853,Rendah,RB-NoPrior,40.4460966542751,40,25,536,C4,D1,-0.27001208149391753,1,,,48.57496902106568
24,-0.30920907704986345,47.58405798485853,Rendah,RB-NoPrior,40.4460966542751,40,26,586,C4,D2,0.035306322229442424,0,,,46.335697399527184
24,-0.30920907704986345,47.58405798485853,Rendah,RB-NoPrior,40.4460966542751,40,27,508,C4,D1,-0.0205442136482214,0,,,44.6215139442231
24,-0.30920907704986345,47.58405798485853,Rendah,RB-NoPrior,40.4460966542751,40,28,556,C4,D1,-0.15432467808462177,0,,,43.02963776070253
24,-0.30920907704986345,47.58405798485853,Rendah,RB-NoPrior,40.4460966542751,40,29,554,C4,D1,-0.055623539592674215,0,,,41.5474297827239
24,-0.30920907704986345,47.58405798485853,Rendah,RB-NoPrior,40.4460966542751,40,30,511,C4,D1,0.05269324258736202,0,,,40.16393442622952
24,-0.30920907704986345,47.58405798485853,Rendah,RB-NoPrior,40.4460966542751,40,31,550,C4,D1,-0.26919080698812464,1,,,42.09221616261776
24,-0.30920907704986345,47.58405798485853,Rendah,RB-NoPrior,40.4460966542751,40,32,594,C4,D2,0.05161141659456765,1,,,44.248210023866356
24,-0.30920907704986345,47.58405798485853,Rendah,RB-NoPrior,40.4460966542751,40,33,665,C4,D3,0.559450506322497,1,,,46.56907593778592
24,-0.30920907704986345,47.58405798485853,Rendah,RB-NoPrior,40.4460966542751,40,34,709,C5,D1,0.3196325432030268,0,,,45.12411347517732
24,-0.30920907704986345,47.58405798485853,Rendah,RB-NoPrior,40.4460966542751,40,35,721,C5,D1,0.5672572386837702,0,,,43.766122098022365
24,-0.30920907704986345,47.58405798485853,Rendah,RB-NoPrior,40.4460966542751,40,36,711,C5,D1,0.4568983079185275,0,,,42.48747913188649
24,-0.30920907704986345,47.58405798485853,Rendah,RB-NoPrior,40.4460966542751,40,37,695,C5,D1,0.32980083121932435,0,,,41.28142741281429
24,-0.30920907704986345,47.58405798485853,Rendah,RB-NoPrior,40.4460966542751,40,38,690,C5,D1,0.4440474737960398,0,,,40.14195583596216
24,-0.30920907704986345,47.58405798485853,Rendah,RB-NoPrior,40.4460966542751,40,39,726,C5,D1,0.2586285503095019,1,,,41.749808135072925
24,-0.30920907704986345,47.58405798485853,Rendah,RB-NoPrior,40.4460966542751,40,40,751,C5,D2,0.6974973041254856,0,,,40.4460966542751
944,0.14488783309689118,57.121905886996025,Sedang,CAT-EAP,57.759345746120715,20,1,598,C4,D2,0.14363236696740303,1,0.5702122533934137,0.8440308427207702,
944,0.14488783309689118,57.121905886996025,Sedang,CAT-EAP,57.759345746120715,20,2,729,C5,D2,0.590768723532742,1,0.9796553926649522,0.7506247491653074,
944,0.14488783309689118,57.121905886996025,Sedang,CAT-EAP,57.759345746120715,20,3,764,C5,D2,0.8490726136849952,1,1.2878122683469562,0.6900694804871386,
944,0.14488783309689118,57.121905886996025,Sedang,CAT-EAP,57.759345746120715,20,4,923,C6,D2,1.2708188731084455,0,0.9969262203142255,0.6048961871431744,
944,0.14488783309689118,57.121905886996025,Sedang,CAT-EAP,57.759345746120715,20,5,829,C5,D3,1.0181021558703707,0,0.7696928489939563,0.5516302607034043,
944,0.14488783309689118,57.121905886996025,Sedang,CAT-EAP,57.759345746120715,20,6,765,C5,D2,0.7148667457202111,0,0.5664293275819228,0.5158212538432416,
944,0.14488783309689118,57.121905886996025,Sedang,CAT-EAP,57.759345746120715,20,7,757,C5,D2,0.7056649924897107,1,0.754976062143846,0.4807222247297532,
944,0.14488783309689118,57.121905886996025,Sedang,CAT-EAP,57.759345746120715,20,8,813,C5,D3,0.9356481769619855,0,0.6198498204576569,0.4561663412971341,
944,0.14488783309689118,57.121905886996025,Sedang,CAT-EAP,57.759345746120715,20,9,738,C5,D2,0.5668767046442221,1,0.7521854766758432,0.4319606083089977,
944,0.14488783309689118,57.121905886996025,Sedang,CAT-EAP,57.759345746120715,20,10,847,C6,D1,0.9215101686917759,0,0.6411231123689548,0.413833042703309,
944,0.14488783309689118,57.121905886996025,Sedang,CAT-EAP,57.759345746120715,20,11,647,C4,D3,0.48700677306887524,0,0.5139146155130243,0.4000506463914011,
944,0.14488783309689118,57.121905886996025,Sedang,CAT-EAP,57.759345746120715,20,12,619,C4,D3,0.3637559058596866,0,0.39325823612163235,0.3888824894941169,
944,0.14488783309689118,57.121905886996025,Sedang,CAT-EAP,57.759345746120715,20,13,689,C5,D1,0.24070062664683298,1,0.48599622705946094,0.37089953235140555,
944,0.14488783309689118,57.121905886996025,Sedang,CAT-EAP,57.759345746120715,20,14,636,C4,D3,0.3962777763490156,0,0.38663756917273884,0.3614877713931214,
944,0.14488783309689118,57.121905886996025,Sedang,CAT-EAP,57.759345746120715,20,15,572,C4,D2,0.09522886438580183,0,0.2767084814327734,0.354040151359539,
944,0.14488783309689118,57.121905886996025,Sedang,CAT-EAP,57.759345746120715,20,16,584,C4,D2,0.1924633682912767,0,0.1859346603909134,0.34747106785551896,
944,0.14488783309689118,57.121905886996025,Sedang,CAT-EAP,57.759345746120715,20,17,494,C3,D3,-0.08109834688924489,1,0.2547569951915041,0.33394353306773666,
944,0.14488783309689118,57.121905886996025,Sedang,CAT-EAP,57.759345746120715,20,18,678,C5,D1,0.4281191423969375,0,0.1874375149509937,0.327670206539939,
944,0.14488783309689118,57.121905886996025,Sedang,CAT-EAP,57.759345746120715,20,19,460,C3,D3,-0.0946847146667097,1,0.24820447020074599,0.31658951758271303,
944,0.14488783309689118,57.121905886996025,Sedang,CAT-EAP,57.759345746120715,20,20,609,C4,D2,0.16523228784134178,0,0.17561189583035286,0.3112849683874214,
944,0.14488783309689118,57.121905886996025,Sedang,CAT-MLE,52.9398208961079,20,1,598,C4,D2,0.14363236696740303,1,1.1436323669674031,1.727794927814057,
944,0.14488783309689118,57.121905886996025,Sedang,CAT-MLE,52.9398208961079,20,2,923,C6,D2,1.2708188731084455,0,0.7082746071105145,1.0320423210528944,
944,0.14488783309689118,57.121905886996025,Sedang,CAT-MLE,52.9398208961079,20,3,729,C5,D2,0.590768723532742,0,0.14952780434232588,0.8580307992923797,
944,0.14488783309689118,57.121905886996025,Sedang,CAT-MLE,52.9398208961079,20,4,572,C4,D2,0.09522886438580183,1,0.5126270038433923,0.7086757278086222,
944,0.14488783309689118,57.121905886996025,Sedang,CAT-MLE,52.9398208961079,20,5,765,C5,D2,0.7148667457202111,0,0.2598469967614526,0.6383566871565206,
944,0.14488783309689118,57.121905886996025,Sedang,CAT-MLE,52.9398208961079,20,6,619,C4,D3,0.3637559058596866,0,0.02449499795474651,0.5995036707629259,
944,0.14488783309689118,57.121905886996025,Sedang,CAT-MLE,52.9398208961079,20,7,460,C3,D3,-0.0946847146667097,1,0.22199103937633693,0.5352898646304382,
944,0.14488783309689118,57.121905886996025,Sedang,CAT-MLE,52.9398208961079,20,8,689,C5,D1,0.24070062664683298,0,0.03853204473822068,0.5081944435028409,
944,0.14488783309689118,57.121905886996025,Sedang,CAT-MLE,52.9398208961079,20,9,494,C3,D3,-0.08109834688924489,1,0.1888680455676637,0.469442907337579,
944,0.14488783309689118,57.121905886996025,Sedang,CAT-MLE,52.9398208961079,20,10,584,C4,D2,0.1924633682912767,1,0.3322208277885629,0.4429880005764408,
944,0.14488783309689118,57.121905886996025,Sedang,CAT-MLE,52.9398208961079,20,11,636,C4,D3,0.3962777763490156,0,0.20868656250085132,0.42270039511462365,
944,0.14488783309689118,57.121905886996025,Sedang,CAT-MLE,52.9398208961079,20,12,609,C4,D2,0.16523228784134178,1,0.3223484048219352,0.4037001841887201,
944,0.14488783309689118,57.121905886996025,Sedang,CAT-MLE,52.9398208961079,20,13,647,C4,D3,0.48700677306887524,0,0.2256947248513114,0.388178906847242,
944,0.14488783309689118,57.121905886996025,Sedang,CAT-MLE,52.9398208961079,20,14,678,C5,D1,0.4281191423969375,1,0.34138103342929915,0.37311547603211054,
944,0.14488783309689118,57.121905886996025,Sedang,CAT-MLE,52.9398208961079,20,15,738,C5,D2,0.5668767046442221,0,0.26212827833042673,0.36096438756327515,
944,0.14488783309689118,57.121905886996025,Sedang,CAT-MLE,52.9398208961079,20,16,607,C4,D2,0.2078680833431294,0,0.1709587828743014,0.3513010208279788,
944,0.14488783309689118,57.121905886996025,Sedang,CAT-MLE,52.9398208961079,20,17,485,C3,D3,-0.10156776015234169,0,0.06865974734513024,0.3437554112041518,
944,0.14488783309689118,57.121905886996025,Sedang,CAT-MLE,52.9398208961079,20,18,529,C4,D1,-0.17506163162892466,0,-0.02897545791980602,0.33747340111999846,
944,0.14488783309689118,57.121905886996025,Sedang,CAT-MLE,52.9398208961079,20,19,487,C3,D3,-0.3122722021562299,1,0.03403426002817213,0.32538013659302495,
944,0.14488783309689118,57.121905886996025,Sedang,CAT-MLE,52.9398208961079,20,20,502,C3,D3,-0.2387701559935985,0,-0.055025561430856566,0.3197562233959885,
944,0.14488783309689118,57.121905886996025,Sedang,RB-Prior,51.01721439749609,40,1,52,C1,D1,-2.0501757043584536,1,,,58.333333333333336
944,0.14488783309689118,57.121905886996025,Sedang,RB-Prior,51.01721439749609,40,2,92,C1,D2,-1.6703015326766812,1,,,65.27777777777777
944,0.14488783309689118,57.121905886996025,Sedang,RB-Prior,51.01721439749609,40,3,161,C1,D3,-1.2367588696068363,1,,,70.93023255813954
944,0.14488783309689118,57.121905886996025,Sedang,RB-Prior,51.01721439749609,40,4,193,C2,D1,-1.2841889126499932,1,,,74.22680412371135
944,0.14488783309689118,57.121905886996025,Sedang,RB-Prior,51.01721439749609,40,5,235,C2,D2,-1.2713134529090877,1,,,77.31397459165154
944,0.14488783309689118,57.121905886996025,Sedang,RB-Prior,51.01721439749609,40,6,286,C2,D3,-0.9422253709597673,1,,,80.09554140127388
944,0.14488783309689118,57.121905886996025,Sedang,RB-Prior,51.01721439749609,40,7,386,C3,D1,-0.8144360411923943,1,,,81.8313953488372
944,0.14488783309689118,57.121905886996025,Sedang,RB-Prior,51.01721439749609,40,8,444,C3,D2,-0.5703176425125888,1,,,83.55263157894737
944,0.14488783309689118,57.121905886996025,Sedang,RB-Prior,51.01721439749609,40,9,498,C3,D3,-0.13670681822444897,1,,,85.18957345971565
944,0.14488783309689118,57.121905886996025,Sedang,RB-Prior,51.01721439749609,40,10,532,C4,D1,-0.18133908768436435,1,,,86.24862486248625
944,0.14488783309689118,57.121905886996025,Sedang,RB-Prior,51.01721439749609,40,11,593,C4,D2,0.03485819963855498,1,,,87.3353596757852
944,0.14488783309689118,57.121905886996025,Sedang,RB-Prior,51.01721439749609,40,12,668,C4,D3,0.26769102065925,1,,,88.40445269016698
944,0.14488783309689118,57.121905886996025,Sedang,RB-Prior,51.01721439749609,40,13,689,C5,D1,0.24070062664683298,0,,,83.01393728222996
944,0.14488783309689118,57.121905886996025,Sedang,RB-Prior,51.01721439749609,40,14,711,C5,D1,0.4568983079185275,1,,,83.99014778325123
944,0.14488783309689118,57.121905886996025,Sedang,RB-Prior,51.01721439749609,40,15,746,C5,D2,0.7321697806196014,0,,,78.57142857142857
944,0.14488783309689118,57.121905886996025,Sedang,RB-Prior,51.01721439749609,40,16,705,C5,D1,0.40438114719791085,1,,,79.66472303206997
944,0.14488783309689118,57.121905886996025,Sedang,RB-Prior,51.01721439749609,40,17,777,C5,D2,0.642348959927328,0,,,75.06868131868131
944,0.14488783309689118,57.121905886996025,Sedang,RB-Prior,51.01721439749609,40,18,724,C5,D1,0.40760053914124106,0,,,71.62516382699869
944,0.14488783309689118,57.121905886996025,Sedang,RB-Prior,51.01721439749609,40,19,674,C5,D1,0.2354601253043107,0,,,68.48370927318297
944,0.14488783309689118,57.121905886996025,Sedang,RB-Prior,51.01721439749609,40,20,720,C5,D1,0.43740565698475714,1,,,69.80792316926771
944,0.14488783309689118,57.121905886996025,Sedang,RB-Prior,51.01721439749609,40,21,736,C5,D2,0.7956702316794584,0,,,66.45714285714287
944,0.14488783309689118,57.121905886996025,Sedang,RB-Prior,51.01721439749609,40,22,695,C5,D1,0.32980083121932435,0,,,63.901098901098905
944,0.14488783309689118,57.121905886996025,Sedang,RB-Prior,51.01721439749609,40,23,676,C5,D1,0.45639091200523585,0,,,61.53439153439154
944,0.14488783309689118,57.121905886996025,Sedang,RB-Prior,51.01721439749609,40,24,702,C5,D1,0.6145149127773387,0,,,59.33673469387756
944,0.14488783309689118,57.121905886996025,Sedang,RB-Prior,51.01721439749609,40,25,718,C5,D1,0.24441043537963716,0,,,57.290640394088676
944,0.14488783309689118,57.121905886996025,Sedang,RB-Prior,51.01721439749609,40,26,728,C5,D1,0.5236093175210437,1,,,58.714285714285715
944,0.14488783309689118,57.121905886996025,Sedang,RB-Prior,51.01721439749609,40,27,782,C5,D2,0.7579291499601088,0,,,56.456043956043956
944,0.14488783309689118,57.121905886996025,Sedang,RB-Prior,51.01721439749609,40,28,697,C5,D1,0.2756136764608714,1,,,57.808340727595386
944,0.14488783309689118,57.121905886996025,Sedang,RB-Prior,51.01721439749609,40,29,780,C5,D2,0.7391804005402546,0,,,55.73139435414885
944,0.14488783309689118,57.121905886996025,Sedang,RB-Prior,51.01721439749609,40,30,681,C5,D1,0.3011408892849082,0,,,54.111295681063126
944,0.14488783309689118,57.121905886996025,Sedang,RB-Prior,51.01721439749609,40,31,684,C5,D1,0.2429499396376822,0,,,52.58272800645682
944,0.14488783309689118,57.121905886996025,Sedang,RB-Prior,51.01721439749609,40,32,722,C5,D1,0.4419019009366044,1,,,53.88540031397174
944,0.14488783309689118,57.121905886996025,Sedang,RB-Prior,51.01721439749609,40,33,783,C5,D2,0.8196571501664491,1,,,55.35714285714286
944,0.14488783309689118,57.121905886996025,Sedang,RB-Prior,51.01721439749609,40,34,805,C5,D3,1.1185704154662997,1,,,56.95970695970696
944,0.14488783309689118,57.121905886996025,Sedang,RB-Prior,51.01721439749609,40,35,863,C6,D1,0.9181801116577692,0,,,55.436720142602496
944,0.14488783309689118,57.121905886996025,Sedang,RB-Prior,51.01721439749609,40,36,872,C6,D1,1.185409256633419,1,,,56.59722222222223
944,0.14488783309689118,57.121905886996025,Sedang,RB-Prior,51.01721439749609,40,37,931,C6,D2,1.4873297776217547,0,,,54.882154882154886
944,0.14488783309689118,57.121905886996025,Sedang,RB-Prior,51.01721439749609,40,38,862,C6,D1,1.0592526949201182,0,,,53.53037766830871
944,0.14488783309689118,57.121905886996025,Sedang,RB-Prior,51.01721439749609,40,39,895,C6,D1,0.7575759739727058,0,,,52.243589743589745
944,0.14488783309689118,57.121905886996025,Sedang,RB-Prior,51.01721439749609,40,40,866,C6,D1,1.0955305208570512,0,,,51.01721439749609
944,0.14488783309689118,57.121905886996025,Sedang,RB-NoPrior,73.35203366058909,20,1,32,C1,D1,-2.0385082280416316,1,,,100.0
944,0.14488783309689118,57.121905886996025,Sedang,RB-NoPrior,73.35203366058909,20,2,72,C1,D2,-1.6698452657666387,1,,,100.0
944,0.14488783309689118,57.121905886996025,Sedang,RB-NoPrior,73.35203366058909,20,3,147,C1,D3,-1.3495012721019541,1,,,100.0
944,0.14488783309689118,57.121905886996025,Sedang,RB-NoPrior,73.35203366058909,20,4,221,C2,D1,-1.1846817542488441,1,,,100.0
944,0.14488783309689118,57.121905886996025,Sedang,RB-NoPrior,73.35203366058909,20,5,279,C2,D2,-1.2515191062198552,1,,,99.99999999999999
944,0.14488783309689118,57.121905886996025,Sedang,RB-NoPrior,73.35203366058909,20,6,317,C2,D3,-0.6993707190785559,1,,,100.0
944,0.14488783309689118,57.121905886996025,Sedang,RB-NoPrior,73.35203366058909,20,7,384,C3,D1,-0.7940781565985512,1,,,100.0
944,0.14488783309689118,57.121905886996025,Sedang,RB-NoPrior,73.35203366058909,20,8,445,C3,D2,-0.5034988490496962,1,,,100.0
944,0.14488783309689118,57.121905886996025,Sedang,RB-NoPrior,73.35203366058909,20,9,470,C3,D3,-0.1803445223488426,1,,,100.00000000000001
944,0.14488783309689118,57.121905886996025,Sedang,RB-NoPrior,73.35203366058909,20,10,542,C4,D1,-0.4198805956620084,0,,,90.13657056145675
944,0.14488783309689118,57.121905886996025,Sedang,RB-NoPrior,73.35203366058909,20,11,529,C4,D1,-0.17506163162892466,1,,,91.02209944751381
944,0.14488783309689118,57.121905886996025,Sedang,RB-NoPrior,73.35203366058909,20,12,603,C4,D2,0.05168135377006241,1,,,91.89526184538654
944,0.14488783309689118,57.121905886996025,Sedang,RB-NoPrior,73.35203366058909,20,13,669,C4,D3,0.5642015160136367,0,,,82.53079507278835
944,0.14488783309689118,57.121905886996025,Sedang,RB-NoPrior,73.35203366058909,20,14,607,C4,D2,0.2078680833431294,1,,,83.9340885684861
944,0.14488783309689118,57.121905886996025,Sedang,RB-NoPrior,73.35203366058909,20,15,659,C4,D3,0.5189470488924639,1,,,85.31073446327684
944,0.14488783309689118,57.121905886996025,Sedang,RB-NoPrior,73.35203366058909,20,16,696,C5,D1,0.3337099082449051,0,,,80.03533568904595
944,0.14488783309689118,57.121905886996025,Sedang,RB-NoPrior,73.35203366058909,20,17,701,C5,D1,0.3164652946740242,1,,,81.19800332778703
944,0.14488783309689118,57.121905886996025,Sedang,RB-NoPrior,73.35203366058909,20,18,738,C5,D2,0.5668767046442221,0,,,75.89424572317265
944,0.14488783309689118,57.121905886996025,Sedang,RB-NoPrior,73.35203366058909,20,19,706,C5,D1,0.38529979983715107,0,,,71.97640117994102
944,0.14488783309689118,57.121905886996025,Sedang,RB-NoPrior,73.35203366058909,20,20,683,C5,D1,0.4918316606002312,1,,,73.35203366058909
589,0.6170059495766975,66.64268281652656,Tinggi,CAT-EAP,61.808803333360295,20,1,598,C4,D2,0.14363236696740303,1,0.5702122533934137,0.8440308427207702,
589,0.6170059495766975,66.64268281652656,Tinggi,CAT-EAP,61.808803333360295,20,2,729,C5,D2,0.590768723532742,0,0.1719275569597064,0.7318289882851001,
589,0.6170059495766975,66.64268281652656,Tinggi,CAT-EAP,61.808803333360295,20,3,572,C4,D2,0.09522886438580183,0,-0.16201309764276245,0.6645937113093563,
589,0.6170059495766975,66.64268281652656,Tinggi,CAT-EAP,61.808803333360295,20,4,487,C3,D3,-0.3122722021562299,1,0.08451086199076385,0.5947733869918093,
589,0.6170059495766975,66.64268281652656,Tinggi,CAT-EAP,61.808803333360295,20,5,494,C3,D3,-0.08109834688924489,0,-0.1618702234452855,0.5527917363758372,
589,0.6170059495766975,66.64268281652656,Tinggi,CAT-EAP,61.808803333360295,20,6,460,C3,D3,-0.0946847146667097,1,0.04226639978710764,0.5099425638404855,
589,0.6170059495766975,66.64268281652656,Tinggi,CAT-EAP,61.808803333360295,20,7,689,C5,D1,0.24070062664683298,1,0.23380843240958152,0.4809020897814612,
589,0.6170059495766975,66.64268281652656,Tinggi,CAT-EAP,61.808803333360295,20,8,619,C4,D3,0.3637559058596866,1,0.4001454405468348,0.459689854728089,
589,0.6170059495766975,66.64268281652656,Tinggi,CAT-EAP,61.808803333360295,20,9,647,C4,D3,0.48700677306887524,0,0.2686144599699836,0.4326303050234614,
589,0.6170059495766975,66.64268281652656,Tinggi,CAT-EAP,61.808803333360295,20,10,584,C4,D2,0.1924633682912767,0,0.13793609165218346,0.4122699650073686,
589,0.6170059495766975,66.64268281652656,Tinggi,CAT-EAP,61.808803333360295,20,11,485,C3,D3,-0.10156776015234169,1,0.2340747166644509,0.39621745274216497,
589,0.6170059495766975,66.64268281652656,Tinggi,CAT-EAP,61.808803333360295,20,12,636,C4,D3,0.3962777763490156,1,0.3516093572946523,0.38354744972888444,
589,0.6170059495766975,66.64268281652656,Tinggi,CAT-EAP,61.808803333360295,20,13,678,C5,D1,0.4281191423969375,0,0.25751573689635104,0.36797905861198427,
589,0.6170059495766975,66.64268281652656,Tinggi,CAT-EAP,61.808803333360295,20,14,609,C4,D2,0.16523228784134178,1,0.34304966208175025,0.3574772040625734,
589,0.6170059495766975,66.64268281652656,Tinggi,CAT-EAP,61.808803333360295,20,15,738,C5,D2,0.5668767046442221,1,0.44390874024202687,0.34907496234517943,
589,0.6170059495766975,66.64268281652656,Tinggi,CAT-EAP,61.808803333360295,20,16,765,C5,D2,0.7148667457202111,0,0.3744545756455501,0.33663045401237895,
589,0.6170059495766975,66.64268281652656,Tinggi,CAT-EAP,61.808803333360295,20,17,757,C5,D2,0.7056649924897107,0,0.3132175108931098,0.326600338099615,
589,0.6170059495766975,66.64268281652656,Tinggi,CAT-EAP,61.808803333360295,20,18,607,C4,D2,0.2078680833431294,0,0.23560216837889203,0.31803107378219314,
589,0.6170059495766975,66.64268281652656,Tinggi,CAT-EAP,61.808803333360295,20,19,616,C4,D2,0.2172729019259363,1,0.30270465891824,0.31046491998420656,
589,0.6170059495766975,66.64268281652656,Tinggi,CAT-EAP,61.808803333360295,20,20,717,C5,D1,0.42337859117907467,1,0.37320872820994433,0.30395561489359435,
589,0.6170059495766975,66.64268281652656,Tinggi,CAT-MLE,53.57227907116564,20,1,598,C4,D2,0.14363236696740303,0,-0.856367633032597,1.7277949278140572,
589,0.6170059495766975,66.64268281652656,Tinggi,CAT-MLE,53.57227907116564,20,2,382,C3,D1,-0.9106525908741671,1,-0.38345407091610095,1.0188328167050362,
589,0.6170059495766975,66.64268281652656,Tinggi,CAT-MLE,53.57227907116564,20,3,487,C3,D3,-0.3122722021562299,1,0.15036674349118717,0.8535512132604771,
589,0.6170059495766975,66.64268281652656,Tinggi,CAT-MLE,53.57227907116564,20,4,572,C4,D2,0.09522886438580183,0,-0.23712470995405172,0.7009026306770832,
589,0.6170059495766975,66.64268281652656,Tinggi,CAT-MLE,53.57227907116564,20,5,549,C4,D1,-0.35255251709247404,1,0.02914487073434467,0.632479824970687,
589,0.6170059495766975,66.64268281652656,Tinggi,CAT-MLE,53.57227907116564,20,6,460,C3,D3,-0.0946847146667097,1,0.2576647943568511,0.5954412229307741,
589,0.6170059495766975,66.64268281652656,Tinggi,CAT-MLE,53.57227907116564,20,7,619,C4,D3,0.3637559058596866,0,0.06076946001940839,0.5315281249496264,
589,0.6170059495766975,66.64268281652656,Tinggi,CAT-MLE,53.57227907116564,20,8,494,C3,D3,-0.08109834688924489,0,-0.1372182619973374,0.4913259621411271,
589,0.6170059495766975,66.64268281652656,Tinggi,CAT-MLE,53.57227907116564,20,9,529,C4,D1,-0.17506163162892466,1,0.016174260317121145,0.46426189589210815,
589,0.6170059495766975,66.64268281652656,Tinggi,CAT-MLE,53.57227907116564,20,10,485,C3,D3,-0.10156776015234169,1,0.1468813873380224,0.44552707209363424,
589,0.6170059495766975,66.64268281652656,Tinggi,CAT-MLE,53.57227907116564,20,11,689,C5,D1,0.24070062664683298,1,0.29087237308709674,0.4323672883189691,
589,0.6170059495766975,66.64268281652656,Tinggi,CAT-MLE,53.57227907116564,20,12,729,C5,D2,0.590768723532742,0,0.19308771578574813,0.4073148886705447,
589,0.6170059495766975,66.64268281652656,Tinggi,CAT-MLE,53.57227907116564,20,13,584,C4,D2,0.1924633682912767,1,0.3054239252649863,0.3958792818675098,
589,0.6170059495766975,66.64268281652656,Tinggi,CAT-MLE,53.57227907116564,20,14,636,C4,D3,0.3962777763490156,0,0.2081426881296384,0.3764242451067009,
589,0.6170059495766975,66.64268281652656,Tinggi,CAT-MLE,53.57227907116564,20,15,609,C4,D2,0.16523228784134178,0,0.11089213366958187,0.36120831900629613,
589,0.6170059495766975,66.64268281652656,Tinggi,CAT-MLE,53.57227907116564,20,16,607,C4,D2,0.2078680833431294,0,0.02958052935104935,0.3493765719523166,
589,0.6170059495766975,66.64268281652656,Tinggi,CAT-MLE,53.57227907116564,20,17,502,C3,D3,-0.2387701559935985,0,-0.07125298574364801,0.339464524583714,
589,0.6170059495766975,66.64268281652656,Tinggi,CAT-MLE,53.57227907116564,20,18,473,C3,D3,-0.19177160107245764,1,0.0008446990135830124,0.3291392589016957,
589,0.6170059495766975,66.64268281652656,Tinggi,CAT-MLE,53.57227907116564,20,19,532,C4,D1,-0.18133908768436435,0,-0.08373405314515138,0.320699326528899,
589,0.6170059495766975,66.64268281652656,Tinggi,CAT-MLE,53.57227907116564,20,20,545,C4,D1,-0.32803043986708963,1,-0.024933203775923,0.3121776830476346,
589,0.6170059495766975,66.64268281652656,Tinggi,RB-Prior,55.98885793871866,40,1,8,C1,D1,-1.9457439956414035,1,,,58.333333333333336
589,0.6170059495766975,66.64268281652656,Tinggi,RB-Prior,55.98885793871866,40,2,108,C1,D2,-1.5546465922842683,1,,,65.27777777777777
589,0.6170059495766975,66.64268281652656,Tinggi,RB-Prior,55.98885793871866,40,3,146,C1,D3,-1.4114736441466897,1,,,70.93023255813954
589,0.6170059495766975,66.64268281652656,Tinggi,RB-Prior,55.98885793871866,40,4,198,C2,D1,-1.4147057381502137,1,,,74.22680412371135
589,0.6170059495766975,66.64268281652656,Tinggi,RB-Prior,55.98885793871866,40,5,277,C2,D2,-1.1530501147610526,1,,,77.31397459165154
589,0.6170059495766975,66.64268281652656,Tinggi,RB-Prior,55.98885793871866,40,6,324,C2,D3,-0.860398518671582,0,,,67.83439490445859
589,0.6170059495766975,66.64268281652656,Tinggi,RB-Prior,55.98885793871866,40,7,269,C2,D2,-1.1107030359954557,1,,,70.89337175792508
589,0.6170059495766975,66.64268281652656,Tinggi,RB-Prior,55.98885793871866,40,8,289,C2,D3,-0.6312858364927434,1,,,73.80025940337224
589,0.6170059495766975,66.64268281652656,Tinggi,RB-Prior,55.98885793871866,40,9,390,C3,D1,-0.6496007011417312,1,,,75.6919374247894
589,0.6170059495766975,66.64268281652656,Tinggi,RB-Prior,55.98885793871866,40,10,420,C3,D2,-0.6710168392656626,1,,,77.63012181616831
589,0.6170059495766975,66.64268281652656,Tinggi,RB-Prior,55.98885793871866,40,11,462,C3,D3,-0.1318499302627376,0,,,71.02330293819655
589,0.6170059495766975,66.64268281652656,Tinggi,RB-Prior,55.98885793871866,40,12,404,C3,D2,-0.3840670196635752,0,,,66.19452313503305
589,0.6170059495766975,66.64268281652656,Tinggi,RB-Prior,55.98885793871866,40,13,387,C3,D1,-0.8032753270215999,1,,,68.00714924039322
589,0.6170059495766975,66.64268281652656,Tinggi,RB-Prior,55.98885793871866,40,14,400,C3,D2,-0.4510625438772082,1,,,69.94122586062132
589,0.6170059495766975,66.64268281652656,Tinggi,RB-Prior,55.98885793871866,40,15,469,C3,D3,-0.05530221156462678,1,,,71.92156862745097
589,0.6170059495766975,66.64268281652656,Tinggi,RB-Prior,55.98885793871866,40,16,512,C4,D1,-0.2530868772920323,1,,,73.28358208955223
589,0.6170059495766975,66.64268281652656,Tinggi,RB-Prior,55.98885793871866,40,17,595,C4,D2,0.15228354880354977,1,,,74.75317348377996
589,0.6170059495766975,66.64268281652656,Tinggi,RB-Prior,55.98885793871866,40,18,649,C4,D3,0.6403415585238273,1,,,76.27567925778659
589,0.6170059495766975,66.64268281652656,Tinggi,RB-Prior,55.98885793871866,40,19,701,C5,D1,0.3164652946740242,1,,,77.32742241925268
589,0.6170059495766975,66.64268281652656,Tinggi,RB-Prior,55.98885793871866,40,20,750,C5,D2,0.6990881003355796,1,,,78.47263980757666
589,0.6170059495766975,66.64268281652656,Tinggi,RB-Prior,55.98885793871866,40,21,840,C5,D3,0.8775701763710633,0,,,74.10562180579215
589,0.6170059495766975,66.64268281652656,Tinggi,RB-Prior,55.98885793871866,40,22,761,C5,D2,0.5790305257158892,0,,,70.73170731707316
589,0.6170059495766975,66.64268281652656,Tinggi,RB-Prior,55.98885793871866,40,23,719,C5,D1,0.20062643574285435,1,,,71.80156657963444
589,0.6170059495766975,66.64268281652656,Tinggi,RB-Prior,55.98885793871866,40,24,759,C5,D2,0.706447441481012,0,,,68.78439219609803
589,0.6170059495766975,66.64268281652656,Tinggi,RB-Prior,55.98885793871866,40,25,707,C5,D1,0.34425082149921654,1,,,69.84050265828901
589,0.6170059495766975,66.64268281652656,Tinggi,RB-Prior,55.98885793871866,40,26,768,C5,D2,0.6697530313511871,0,,,67.11565257779841
589,0.6170059495766975,66.64268281652656,Tinggi,RB-Prior,55.98885793871866,40,27,705,C5,D1,0.40438114719791085,0,,,65.00224921277552
589,0.6170059495766975,66.64268281652656,Tinggi,RB-Prior,55.98885793871866,40,28,695,C5,D1,0.32980083121932435,0,,,63.017880505887476
589,0.6170059495766975,66.64268281652656,Tinggi,RB-Prior,55.98885793871866,40,29,706,C5,D1,0.38529979983715107,1,,,64.11341515023275
589,0.6170059495766975,66.64268281652656,Tinggi,RB-Prior,55.98885793871866,40,30,776,C5,D2,0.7759155160302647,0,,,61.91254597466285
589,0.6170059495766975,66.64268281652656,Tinggi,RB-Prior,55.98885793871866,40,31,683,C5,D1,0.4918316606002312,1,,,62.97179181565355
589,0.6170059495766975,66.64268281652656,Tinggi,RB-Prior,55.98885793871866,40,32,751,C5,D2,0.6974973041254856,0,,,60.938100730488266
589,0.6170059495766975,66.64268281652656,Tinggi,RB-Prior,55.98885793871866,40,33,722,C5,D1,0.4419019009366044,0,,,59.34107076001497
589,0.6170059495766975,66.64268281652656,Tinggi,RB-Prior,55.98885793871866,40,34,673,C5,D1,0.2610427533236403,0,,,57.825611090842756
589,0.6170059495766975,66.64268281652656,Tinggi,RB-Prior,55.98885793871866,40,35,708,C5,D1,0.26301970204209213,1,,,58.87584489505513
589,0.6170059495766975,66.64268281652656,Tinggi,RB-Prior,55.98885793871866,40,36,764,C5,D2,0.8490726136849952,1,,,60.06908462867011
589,0.6170059495766975,66.64268281652656,Tinggi,RB-Prior,55.98885793871866,40,37,829,C5,D3,1.0181021558703707,0,,,58.10223855663213
589,0.6170059495766975,66.64268281652656,Tinggi,RB-Prior,55.98885793871866,40,38,781,C5,D2,0.6984690150827004,0,,,56.51608709782255
589,0.6170059495766975,66.64268281652656,Tinggi,RB-Prior,55.98885793871866,40,39,689,C5,D1,0.24070062664683298,1,,,57.48331744518588
589,0.6170059495766975,66.64268281652656,Tinggi,RB-Prior,55.98885793871866,40,40,732,C5,D2,0.7141716913639904,0,,,55.98885793871866
589,0.6170059495766975,66.64268281652656,Tinggi,RB-NoPrior,55.31489503498834,40,1,14,C1,D1,-2.0225776300486538,1,,,100.0
589,0.6170059495766975,66.64268281652656,Tinggi,RB-NoPrior,55.31489503498834,40,2,88,C1,D2,-1.6815366141467696,1,,,100.0
589,0.6170059495766975,66.64268281652656,Tinggi,RB-NoPrior,55.31489503498834,40,3,131,C1,D3,-1.3045998236506797,1,,,100.0
589,0.6170059495766975,66.64268281652656,Tinggi,RB-NoPrior,55.31489503498834,40,4,187,C2,D1,-1.269452119284567,0,,,76.59574468085106
589,0.6170059495766975,66.64268281652656,Tinggi,RB-NoPrior,55.31489503498834,40,5,218,C2,D1,-1.3987407599218205,1,,,81.03448275862068
589,0.6170059495766975,66.64268281652656,Tinggi,RB-NoPrior,55.31489503498834,40,6,234,C2,D2,-1.1469175652104704,1,,,84.55056179775279
589,0.6170059495766975,66.64268281652656,Tinggi,RB-NoPrior,55.31489503498834,40,7,314,C2,D3,-0.9661520062268959,0,,,69.51501154734412
589,0.6170059495766975,66.64268281652656,Tinggi,RB-NoPrior,55.31489503498834,40,8,267,C2,D2,-1.153025761837244,1,,,73.54709418837676
589,0.6170059495766975,66.64268281652656,Tinggi,RB-NoPrior,55.31489503498834,40,9,321,C2,D3,-0.7422927872819459,1,,,77.08333333333334
589,0.6170059495766975,66.64268281652656,Tinggi,RB-NoPrior,55.31489503498834,40,10,339,C3,D1,-0.9478586245779842,1,,,79.24528301886794
589,0.6170059495766975,66.64268281652656,Tinggi,RB-NoPrior,55.31489503498834,40,11,430,C3,D2,-0.4017309016054486,1,,,81.35593220338984
589,0.6170059495766975,66.64268281652656,Tinggi,RB-NoPrior,55.31489503498834,40,12,456,C3,D3,-0.1540819920771564,1,,,83.33333333333334
589,0.6170059495766975,66.64268281652656,Tinggi,RB-NoPrior,55.31489503498834,40,13,559,C4,D1,-0.18034788302985316,1,,,84.59743290548427
589,0.6170059495766975,66.64268281652656,Tinggi,RB-NoPrior,55.31489503498834,40,14,576,C4,D2,0.10268858389945289,0,,,77.54010695187168
589,0.6170059495766975,66.64268281652656,Tinggi,RB-NoPrior,55.31489503498834,40,15,553,C4,D1,-0.3251539424190446,1,,,79.00000000000001
589,0.6170059495766975,66.64268281652656,Tinggi,RB-NoPrior,55.31489503498834,40,16,585,C4,D2,0.10596303699201723,1,,,80.51948051948054
589,0.6170059495766975,66.64268281652656,Tinggi,RB-NoPrior,55.31489503498834,40,17,653,C4,D3,0.5633431532301094,0,,,74.25149700598804
589,0.6170059495766975,66.64268281652656,Tinggi,RB-NoPrior,55.31489503498834,40,18,586,C4,D2,0.035306322229442424,1,,,75.86206896551725
589,0.6170059495766975,66.64268281652656,Tinggi,RB-NoPrior,55.31489503498834,40,19,669,C4,D3,0.5642015160136367,0,,,70.70254110612855
589,0.6170059495766975,66.64268281652656,Tinggi,RB-NoPrior,55.31489503498834,40,20,561,C4,D2,0.03236076979407283,1,,,72.31638418079098
589,0.6170059495766975,66.64268281652656,Tinggi,RB-NoPrior,55.31489503498834,40,21,626,C4,D3,0.27170077758114286,0,,,67.9495686794957
589,0.6170059495766975,66.64268281652656,Tinggi,RB-NoPrior,55.31489503498834,40,22,616,C4,D2,0.2172729019259363,0,,,64.6056782334385
589,0.6170059495766975,66.64268281652656,Tinggi,RB-NoPrior,55.31489503498834,40,23,548,C4,D1,-0.20991758637793848,1,,,66.0
589,0.6170059495766975,66.64268281652656,Tinggi,RB-NoPrior,55.31489503498834,40,24,581,C4,D2,0.04288210102172013,1,,,67.53472222222221
589,0.6170059495766975,66.64268281652656,Tinggi,RB-NoPrior,55.31489503498834,40,25,665,C4,D3,0.559450506322497,1,,,69.1588785046729
589,0.6170059495766975,66.64268281652656,Tinggi,RB-NoPrior,55.31489503498834,40,26,673,C5,D1,0.2610427533236403,1,,,70.30174695606141
589,0.6170059495766975,66.64268281652656,Tinggi,RB-NoPrior,55.31489503498834,40,27,732,C5,D2,0.7141716913639904,1,,,71.56614292954892
589,0.6170059495766975,66.64268281652656,Tinggi,RB-NoPrior,55.31489503498834,40,28,826,C5,D3,1.0282579950488298,1,,,72.91163689039111
589,0.6170059495766975,66.64268281652656,Tinggi,RB-NoPrior,55.31489503498834,40,29,862,C6,D1,1.0592526949201182,0,,,70.36346691519105
589,0.6170059495766975,66.64268281652656,Tinggi,RB-NoPrior,55.31489503498834,40,30,845,C6,D1,1.1196631486645652,0,,,67.9873930661864
589,0.6170059495766975,66.64268281652656,Tinggi,RB-NoPrior,55.31489503498834,40,31,872,C6,D1,1.185409256633419,1,,,69.03310104529616
589,0.6170059495766975,66.64268281652656,Tinggi,RB-NoPrior,55.31489503498834,40,32,914,C6,D2,1.3903934841086196,0,,,66.42917015926237
589,0.6170059495766975,66.64268281652656,Tinggi,RB-NoPrior,55.31489503498834,40,33,877,C6,D1,1.0140886246911205,0,,,64.40471353108492
589,0.6170059495766975,66.64268281652656,Tinggi,RB-NoPrior,55.31489503498834,40,34,860,C6,D1,1.2006092888159123,0,,,62.5
589,0.6170059495766975,66.64268281652656,Tinggi,RB-NoPrior,55.31489503498834,40,35,888,C6,D1,1.1226933223884308,0,,,60.7047108387591
589,0.6170059495766975,66.64268281652656,Tinggi,RB-NoPrior,55.31489503498834,40,36,847,C6,D1,0.9215101686917759,0,,,59.009679821295606
589,0.6170059495766975,66.64268281652656,Tinggi,RB-NoPrior,55.31489503498834,40,37,859,C6,D1,1.1542109952567876,0,,,57.40673668960522
589,0.6170059495766975,66.64268281652656,Tinggi,RB-NoPrior,55.31489503498834,40,38,856,C6,D1,1.1262584103427182,1,,,58.53314527503526
589,0.6170059495766975,66.64268281652656,Tinggi,RB-NoPrior,55.31489503498834,40,39,943,C6,D2,1.1937606471853122,0,,,56.73274094326726
589,0.6170059495766975,66.64268281652656,Tinggi,RB-NoPrior,55.31489503498834,40,40,850,C6,D1,0.956254169967659,0,,,55.31489503498834
861,1.4104591452035038,80.34282320913701,Sangat Tinggi,CAT-EAP,80.00156048155009,21,1,598,C4,D2,0.14363236696740303,1,0.5702122533934137,0.8440308427207702,
861,1.4104591452035038,80.34282320913701,Sangat Tinggi,CAT-EAP,80.00156048155009,21,2,729,C5,D2,0.590768723532742,0,0.1719275569597064,0.7318289882851001,
861,1.4104591452035038,80.34282320913701,Sangat Tinggi,CAT-EAP,80.00156048155009,21,3,572,C4,D2,0.09522886438580183,1,0.4757442138038568,0.6536296718244211,
861,1.4104591452035038,80.34282320913701,Sangat Tinggi,CAT-EAP,80.00156048155009,21,4,619,C4,D3,0.3637559058596866,0,0.19624476015741055,0.5918231090517734,
861,1.4104591452035038,80.34282320913701,Sangat Tinggi,CAT-EAP,80.00156048155009,21,5,689,C5,D1,0.24070062664683298,1,0.42244260938319195,0.5461410479980845,
861,1.4104591452035038,80.34282320913701,Sangat Tinggi,CAT-EAP,80.00156048155009,21,6,647,C4,D3,0.48700677306887524,1,0.6205129216734546,0.5159446227875202,
861,1.4104591452035038,80.34282320913701,Sangat Tinggi,CAT-EAP,80.00156048155009,21,7,765,C5,D2,0.7148667457202111,1,0.8061258953789361,0.49375258328475125,
861,1.4104591452035038,80.34282320913701,Sangat Tinggi,CAT-EAP,80.00156048155009,21,8,764,C5,D2,0.8490726136849952,1,0.9729122773272513,0.4767576707559361,
861,1.4104591452035038,80.34282320913701,Sangat Tinggi,CAT-EAP,80.00156048155009,21,9,829,C5,D3,1.0181021558703707,1,1.129210757721904,0.46375604870240417,
861,1.4104591452035038,80.34282320913701,Sangat Tinggi,CAT-EAP,80.00156048155009,21,10,923,C6,D2,1.2708188731084455,1,1.2878477202567908,0.45405334716805357,
861,1.4104591452035038,80.34282320913701,Sangat Tinggi,CAT-EAP,80.00156048155009,21,11,900,C6,D2,1.2470947322653705,1,1.4224098244323617,0.4446932598136006,
861,1.4104591452035038,80.34282320913701,Sangat Tinggi,CAT-EAP,80.00156048155009,21,12,941,C6,D2,1.3024219456672759,0,1.2801050873642523,0.4107116921132996,
861,1.4104591452035038,80.34282320913701,Sangat Tinggi,CAT-EAP,80.00156048155009,21,13,812,C5,D3,1.2165002344901084,1,1.3896376769782743,0.40227475855763195,
861,1.4104591452035038,80.34282320913701,Sangat Tinggi,CAT-EAP,80.00156048155009,21,14,897,C6,D2,1.3066990717224873,0,1.2751125485443562,0.3783024150921415,
861,1.4104591452035038,80.34282320913701,Sangat Tinggi,CAT-EAP,80.00156048155009,21,15,887,C6,D1,1.076608027838469,1,1.3595731985944974,0.3706535571245429,
861,1.4104591452035038,80.34282320913701,Sangat Tinggi,CAT-EAP,80.00156048155009,21,16,984,C6,D3,1.6615367484013055,1,1.4744418065261722,0.3660640140749092,
861,1.4104591452035038,80.34282320913701,Sangat Tinggi,CAT-EAP,80.00156048155009,21,17,980,C6,D3,1.590946671769584,0,1.3908757896658366,0.34886269066231174,
861,1.4104591452035038,80.34282320913701,Sangat Tinggi,CAT-EAP,80.00156048155009,21,18,936,C6,D2,1.4029960817581162,0,1.3093065728111393,0.3346446420443326,
861,1.4104591452035038,80.34282320913701,Sangat Tinggi,CAT-EAP,80.00156048155009,21,19,813,C5,D3,0.9356481769619855,1,1.3676065044893042,0.3283257361595645,
861,1.4104591452035038,80.34282320913701,Sangat Tinggi,CAT-EAP,80.00156048155009,21,20,982,C6,D3,1.5564513629430157,1,1.4508136244121814,0.323915542880511,
861,1.4104591452035038,80.34282320913701,Sangat Tinggi,CAT-EAP,80.00156048155009,21,21,1000,C6,D3,1.6238368982734785,0,1.3874842864112988,0.31273599100202826,
861,1.4104591452035038,80.34282320913701,Sangat Tinggi,CAT-MLE,79.8462359360598,20,1,598,C4,D2,0.14363236696740303,1,1.1436323669674031,1.727794927814057,
861,1.4104591452035038,80.34282320913701,Sangat Tinggi,CAT-MLE,79.8462359360598,20,2,923,C6,D2,1.2708188731084455,0,0.7082746071105145,1.0320423210528944,
861,1.4104591452035038,80.34282320913701,Sangat Tinggi,CAT-MLE,79.8462359360598,20,3,729,C5,D2,0.590768723532742,1,1.1839731245686305,0.8650795409710111,
861,1.4104591452035038,80.34282320913701,Sangat Tinggi,CAT-MLE,79.8462359360598,20,4,900,C6,D2,1.2470947322653705,1,1.6331908511913238,0.8049928917151891,
861,1.4104591452035038,80.34282320913701,Sangat Tinggi,CAT-MLE,79.8462359360598,20,5,984,C6,D3,1.6615367484013055,1,2.035489707359107,0.7819428729936291,
861,1.4104591452035038,80.34282320913701,Sangat Tinggi,CAT-MLE,79.8462359360598,20,6,974,C6,D3,1.7109699841956223,0,1.66213974879471,0.623494877686549,
861,1.4104591452035038,80.34282320913701,Sangat Tinggi,CAT-MLE,79.8462359360598,20,7,980,C6,D3,1.590946671769584,1,1.8934491040624557,0.5966557466630076,
861,1.4104591452035038,80.34282320913701,Sangat Tinggi,CAT-MLE,79.8462359360598,20,8,993,C6,D3,1.6950307591973577,0,1.6589996987617726,0.5269386833459456,
861,1.4104591452035038,80.34282320913701,Sangat Tinggi,CAT-MLE,79.8462359360598,20,9,1000,C6,D3,1.6238368982734785,0,1.483092965018408,0.48567918255504194,
861,1.4104591452035038,80.34282320913701,Sangat Tinggi,CAT-MLE,79.8462359360598,20,10,941,C6,D2,1.3024219456672759,0,1.3087855467024125,0.45633350928645755,
861,1.4104591452035038,80.34282320913701,Sangat Tinggi,CAT-MLE,79.8462359360598,20,11,812,C5,D3,1.2165002344901084,1,1.4377016548078558,0.4333290130155223,
861,1.4104591452035038,80.34282320913701,Sangat Tinggi,CAT-MLE,79.8462359360598,20,12,897,C6,D2,1.3066990717224873,1,1.551067614890491,0.41669121277080795,
861,1.4104591452035038,80.34282320913701,Sangat Tinggi,CAT-MLE,79.8462359360598,20,13,982,C6,D3,1.5564513629430157,0,1.4378778330711786,0.39642029172943083,
861,1.4104591452035038,80.34282320913701,Sangat Tinggi,CAT-MLE,79.8462359360598,20,14,936,C6,D2,1.4029960817581162,0,1.3312078608955593,0.38087323931395384,
861,1.4104591452035038,80.34282320913701,Sangat Tinggi,CAT-MLE,79.8462359360598,20,15,829,C5,D3,1.0181021558703707,0,1.2075813567155533,0.3683528045837362,
861,1.4104591452035038,80.34282320913701,Sangat Tinggi,CAT-MLE,79.8462359360598,20,16,887,C6,D1,1.076608027838469,1,1.291386159055676,0.35487219789362634,
861,1.4104591452035038,80.34282320913701,Sangat Tinggi,CAT-MLE,79.8462359360598,20,17,813,C5,D3,0.9356481769619855,0,1.1806692215266728,0.34467319715734435,
861,1.4104591452035038,80.34282320913701,Sangat Tinggi,CAT-MLE,79.8462359360598,20,18,764,C5,D2,0.8490726136849952,1,1.2438937248133792,0.333998677104293,
861,1.4104591452035038,80.34282320913701,Sangat Tinggi,CAT-MLE,79.8462359360598,20,19,912,C6,D2,1.0078649516505394,1,1.307861104042869,0.32509499247917273,
861,1.4104591452035038,80.34282320913701,Sangat Tinggi,CAT-MLE,79.8462359360598,20,20,938,C6,D2,1.2596351536758004,1,1.3771090164434958,0.31773190504755067,
861,1.4104591452035038,80.34282320913701,Sangat Tinggi,RB-Prior,63.11931984755206,40,1,45,C1,D1,-2.003582603910995,1,,,58.333333333333336
861,1.4104591452035038,80.34282320913701,Sangat Tinggi,RB-Prior,63.11931984755206,40,2,107,C1,D2,-1.6986998108122093,1,,,65.27777777777777
861,1.4104591452035038,80.34282320913701,Sangat Tinggi,RB-Prior,63.11931984755206,40,3,159,C1,D3,-1.7241267340069073,1,,,70.93023255813954
861,1.4104591452035038,80.34282320913701,Sangat Tinggi,RB-Prior,63.11931984755206,40,4,213,C2,D1,-1.367728143966191,1,,,74.22680412371135
861,1.4104591452035038,80.34282320913701,Sangat Tinggi,RB-Prior,63.11931984755206,40,5,276,C2,D2,-1.1220969599533221,1,,,77.31397459165154
861,1.4104591452035038,80.34282320913701,Sangat Tinggi,RB-Prior,63.11931984755206,40,6,330,C2,D3,-0.8420984480820263,1,,,80.09554140127388
861,1.4104591452035038,80.34282320913701,Sangat Tinggi,RB-Prior,63.11931984755206,40,7,364,C3,D1,-0.8511215676431185,1,,,81.8313953488372
861,1.4104591452035038,80.34282320913701,Sangat Tinggi,RB-Prior,63.11931984755206,40,8,397,C3,D2,-0.4278327935956765,1,,,83.55263157894737
861,1.4104591452035038,80.34282320913701,Sangat Tinggi,RB-Prior,63.11931984755206,40,9,469,C3,D3,-0.05530221156462678,1,,,85.18957345971565
861,1.4104591452035038,80.34282320913701,Sangat Tinggi,RB-Prior,63.11931984755206,40,10,551,C4,D1,-0.22412360578563317,1,,,86.24862486248625
861,1.4104591452035038,80.34282320913701,Sangat Tinggi,RB-Prior,63.11931984755206,40,11,601,C4,D2,0.0742623462576653,1,,,87.3353596757852
861,1.4104591452035038,80.34282320913701,Sangat Tinggi,RB-Prior,63.11931984755206,40,12,620,C4,D3,0.2880330105373854,0,,,79.96289424860854
861,1.4104591452035038,80.34282320913701,Sangat Tinggi,RB-Prior,63.11931984755206,40,13,569,C4,D2,0.17858001586508304,1,,,81.31487889273357
861,1.4104591452035038,80.34282320913701,Sangat Tinggi,RB-Prior,63.11931984755206,40,14,636,C4,D3,0.3962777763490156,1,,,82.6784282277466
861,1.4104591452035038,80.34282320913701,Sangat Tinggi,RB-Prior,63.11931984755206,40,15,685,C5,D1,0.301751260646169,1,,,83.5990888382688
861,1.4104591452035038,80.34282320913701,Sangat Tinggi,RB-Prior,63.11931984755206,40,16,774,C5,D2,0.6775234598107316,0,,,78.58672376873663
861,1.4104591452035038,80.34282320913701,Sangat Tinggi,RB-Prior,63.11931984755206,40,17,689,C5,D1,0.24070062664683298,0,,,74.84704282800817
861,1.4104591452035038,80.34282320913701,Sangat Tinggi,RB-Prior,63.11931984755206,40,18,712,C5,D1,0.5628396623128538,1,,,75.98961713173266
861,1.4104591452035038,80.34282320913701,Sangat Tinggi,RB-Prior,63.11931984755206,40,19,732,C5,D2,0.7141716913639904,0,,,72.06153846153848
861,1.4104591452035038,80.34282320913701,Sangat Tinggi,RB-Prior,63.11931984755206,40,20,727,C5,D1,0.32644700574102326,1,,,73.21533923303835
861,1.4104591452035038,80.34282320913701,Sangat Tinggi,RB-Prior,63.11931984755206,40,21,760,C5,D2,0.5024533433646128,0,,,69.75829117481732
861,1.4104591452035038,80.34282320913701,Sangat Tinggi,RB-Prior,63.11931984755206,40,22,708,C5,D1,0.26301970204209213,1,,,70.90319091400758
861,1.4104591452035038,80.34282320913701,Sangat Tinggi,RB-Prior,63.11931984755206,40,23,778,C5,D2,0.44089577078550896,1,,,72.16761510605278
861,1.4104591452035038,80.34282320913701,Sangat Tinggi,RB-Prior,63.11931984755206,40,24,786,C5,D3,0.9115197285973098,1,,,73.51058591826687
861,1.4104591452035038,80.34282320913701,Sangat Tinggi,RB-Prior,63.11931984755206,40,25,869,C6,D1,0.9917319314157301,1,,,74.4539411206078
861,1.4104591452035038,80.34282320913701,Sangat Tinggi,RB-Prior,63.11931984755206,40,26,917,C6,D2,1.281710355889516,0,,,71.40255009107469
861,1.4104591452035038,80.34282320913701,Sangat Tinggi,RB-Prior,63.11931984755206,40,27,851,C6,D1,1.1726963851233405,1,,,72.3469837076178
861,1.4104591452035038,80.34282320913701,Sangat Tinggi,RB-Prior,63.11931984755206,40,28,949,C6,D2,1.3168460976269614,0,,,69.58915713680645
861,1.4104591452035038,80.34282320913701,Sangat Tinggi,RB-Prior,63.11931984755206,40,29,886,C6,D1,1.0468774256075024,1,,,70.52545155993433
861,1.4104591452035038,80.34282320913701,Sangat Tinggi,RB-Prior,63.11931984755206,40,30,925,C6,D2,1.388310977714716,0,,,68.01266825019796
861,1.4104591452035038,80.34282320913701,Sangat Tinggi,RB-Prior,63.11931984755206,40,31,879,C6,D1,0.9533963498131758,0,,,66.05151864667437
861,1.4104591452035038,80.34282320913701,Sangat Tinggi,RB-Prior,63.11931984755206,40,32,871,C6,D1,0.8975813175670795,0,,,64.2002989536622
861,1.4104591452035038,80.34282320913701,Sangat Tinggi,RB-Prior,63.11931984755206,40,33,877,C6,D1,1.0140886246911205,1,,,65.17629952744458
861,1.4104591452035038,80.34282320913701,Sangat Tinggi,RB-Prior,63.11931984755206,40,34,945,C6,D2,1.4187386051564752,1,,,66.2794790566702
861,1.4104591452035038,80.34282320913701,Sangat Tinggi,RB-Prior,63.11931984755206,40,35,989,C6,D3,1.598058039411227,1,,,67.48133061778685
861,1.4104591452035038,80.34282320913701,Sangat Tinggi,RB-Prior,63.11931984755206,40,36,955,C6,D3,1.6840620026504554,0,,,65.15896427400854
861,1.4104591452035038,80.34282320913701,Sangat Tinggi,RB-Prior,63.11931984755206,40,37,921,C6,D2,1.3122670315994795,0,,,63.29194524036933
861,1.4104591452035038,80.34282320913701,Sangat Tinggi,RB-Prior,63.11931984755206,40,38,858,C6,D1,1.2558199285668252,1,,,64.14800995024878
861,1.4104591452035038,80.34282320913701,Sangat Tinggi,RB-Prior,63.11931984755206,40,39,916,C6,D2,1.50574954697117,1,,,65.12401693889899
861,1.4104591452035038,80.34282320913701,Sangat Tinggi,RB-Prior,63.11931984755206,40,40,976,C6,D3,1.7899881934895217,0,,,63.11931984755206
861,1.4104591452035038,80.34282320913701,Sangat Tinggi,RB-NoPrior,81.92934782608695,20,1,33,C1,D1,-2.0676922000305957,1,,,100.0
861,1.4104591452035038,80.34282320913701,Sangat Tinggi,RB-NoPrior,81.92934782608695,20,2,95,C1,D2,-1.6706927526701318,1,,,100.0
861,1.4104591452035038,80.34282320913701,Sangat Tinggi,RB-NoPrior,81.92934782608695,20,3,159,C1,D3,-1.7241267340069073,1,,,100.0
861,1.4104591452035038,80.34282320913701,Sangat Tinggi,RB-NoPrior,81.92934782608695,20,4,218,C2,D1,-1.3987407599218205,1,,,100.0
861,1.4104591452035038,80.34282320913701,Sangat Tinggi,RB-NoPrior,81.92934782608695,20,5,274,C2,D2,-1.0786020089265778,1,,,99.99999999999999
861,1.4104591452035038,80.34282320913701,Sangat Tinggi,RB-NoPrior,81.92934782608695,20,6,330,C2,D3,-0.8420984480820263,1,,,100.0
861,1.4104591452035038,80.34282320913701,Sangat Tinggi,RB-NoPrior,81.92934782608695,20,7,352,C3,D1,-0.8922165324177626,1,,,100.0
861,1.4104591452035038,80.34282320913701,Sangat Tinggi,RB-NoPrior,81.92934782608695,20,8,423,C3,D2,-0.5539759680309362,1,,,100.0
861,1.4104591452035038,80.34282320913701,Sangat Tinggi,RB-NoPrior,81.92934782608695,20,9,458,C3,D3,-0.17923123128368895,1,,,100.00000000000001
861,1.4104591452035038,80.34282320913701,Sangat Tinggi,RB-NoPrior,81.92934782608695,20,10,538,C4,D1,-0.16227881249354809,1,,,100.0
861,1.4104591452035038,80.34282320913701,Sangat Tinggi,RB-NoPrior,81.92934782608695,20,11,568,C4,D2,-0.14238793266289587,1,,,100.0
861,1.4104591452035038,80.34282320913701,Sangat Tinggi,RB-NoPrior,81.92934782608695,20,12,621,C4,D3,0.2705318524279092,1,,,100.0
861,1.4104591452035038,80.34282320913701,Sangat Tinggi,RB-NoPrior,81.92934782608695,20,13,682,C5,D1,0.28964106827842284,1,,,100.0
861,1.4104591452035038,80.34282320913701,Sangat Tinggi,RB-NoPrior,81.92934782608695,20,14,767,C5,D2,0.638659733645906,0,,,91.44602851323829
861,1.4104591452035038,80.34282320913701,Sangat Tinggi,RB-NoPrior,81.92934782608695,20,15,722,C5,D1,0.4419019009366044,1,,,92.01520912547528
861,1.4104591452035038,80.34282320913701,Sangat Tinggi,RB-NoPrior,81.92934782608695,20,16,744,C5,D2,0.6901110346808856,1,,,92.6056338028169
861,1.4104591452035038,80.34282320913701,Sangat Tinggi,RB-NoPrior,81.92934782608695,20,17,832,C5,D3,0.934864310620817,0,,,85.2512155591572
861,1.4104591452035038,80.34282320913701,Sangat Tinggi,RB-NoPrior,81.92934782608695,20,18,753,C5,D2,0.701035261984338,0,,,79.81790591805766
861,1.4104591452035038,80.34282320913701,Sangat Tinggi,RB-NoPrior,81.92934782608695,20,19,721,C5,D1,0.5672572386837702,1,,,80.835734870317
861,1.4104591452035038,80.34282320913701,Sangat Tinggi,RB-NoPrior,81.92934782608695,20,20,741,C5,D2,0.7388578604530964,1,,,81.92934782608695
