student_id,theta,group_theta
0,0.0754336389015928,Sedang
1,-1.6019658118971685,Sangat Rendah
2,-0.24606248812994858,Rendah
3,-0.8432465953161917,Sangat Rendah
4,2.1709427174978138,Sangat Tinggi
5,-0.1758858124323366,Sedang
6,0.12320480678448567,Sedang
7,0.5514853760404675,Tinggi
8,0.043602446372453724,Sedang
9,1.695051040430753,Sangat Tinggi
10,-0.622649361734452,Rendah
11,0.1946074552372427,Sedang
12,-0.7424705856980482,Rendah
13,-1.3200225112207058,Sangat Rendah
14,-0.6117690909052854,Rendah
15,-0.03703679704841202,Sedang
16,-0.42930222451725997,Rendah
17,-0.692420979873856,Rendah
18,-1.4063174636718339,Sangat Rendah
19,-0.08310557262869477,Sedang
20,-1.5047203740310022,Sangat Rendah
21,0.7600559636896026,Tinggi
22,0.08243975293450329,Sedang
23,-1.4575514994649306,Sangat Rendah
24,-0.30920907704986345,Rendah
25,-0.7521564055905832,Rendah
26,0.31917451041918043,Tinggi
27,1.3404504460231446,Sangat Tinggi
28,-1.8751724696457446,Sangat Rendah
29,0.11502607914741717,Sedang
30,-0.1601327955666404,Sedang
31,0.6713400764504657,Tinggi
32,0.21319662823768915,Sedang
33,-0.7519693317388191,Rendah
34,-0.31905393566661816,Rendah
35,-0.796025856803489,Rendah
36,1.0760071385985983,Sangat Tinggi
37,0.02131164867194222,Sedang
38,1.9011906857530074,Sangat Tinggi
39,-0.060660813814620775,Sedang
40,-0.7084067669104628,Rendah
41,-1.5137143926128271,Sangat Rendah
42,-1.803139676255945,Sangat Rendah
43,-1.5841359430054898,Sangat Rendah
44,0.2671266510114834,Sedang
45,0.5087250232299338,Tinggi
46,-1.5811907020321334,Sangat Rendah
47,0.8950383140761154,Sangat Tinggi
48,-0.4830610516834395,Rendah
49,0.14679301198554937,Sedang
50,1.6122206282554243,Sangat Tinggi
51,0.8968393158655319,Sangat Tinggi
52,-0.2685306479058323,Rendah
53,-0.8911922254152874,Sangat Rendah
54,-2.151815401329305,Sangat Rendah
55,-0.7191533192424201,Rendah
56,-0.21113023882769444,Sedang
57,-0.987179527151184,Sangat Rendah
58,-0.13125696709230472,Sedang
59,0.07685188295876821,Sedang
60,-0.22485598180807856,Sedang
61,-0.6500025808234597,Rendah
62,0.16865467196672768,Sedang
63,0.44194064956940904,Tinggi
64,-1.090399077442846,Sangat Rendah
65,1.41093237974627,Sangat Tinggi
66,-0.09858813228426173,Sedang
67,0.018849622944847662,Sedang
68,0.7082144232565571,Tinggi
69,0.23321613126350166,Sedang
70,0.9531366339132451,Sangat Tinggi
71,0.2871241652018242,Tinggi
72,-0.6124373746404379,Rendah
73,0.36150352520610163,Tinggi
74,-1.1437262073206618,Sangat Rendah
75,0.10855970577652314,Sedang
76,-0.0332299906444608,Sedang
77,-0.2081168572725397,Sedang
78,-0.12853751143893075,Sedang
79,-1.881849045497639,Sangat Rendah
80,-0.5487249077409615,Rendah
81,0.09284490114111471,Sedang
82,0.15985639199740037,Sedang
83,-1.0276751409259581,Sangat Rendah
84,1.2657078408647007,Sangat Tinggi
85,-0.8661748482145009,Sangat Rendah
86,0.9694572005267368,Sangat Tinggi
87,0.42719436187168486,Tinggi
88,-0.646227309843803,Rendah
89,1.775310892609512,Sangat Tinggi
90,-1.19363683175648,Sangat Rendah
91,0.9191541736100015,Sangat Tinggi
92,1.0005823180429783,Sangat Tinggi
93,-0.6706202090766449,Rendah
94,1.3924653000643288,Sangat Tinggi
95,-0.2500465145989528,Rendah
96,0.28869362927985703,Tinggi
97,0.2603218387712207,Sedang
98,-0.1343087414705478,Sedang
99,0.8108082731597821,Tinggi
100,0.793488720552213,Tinggi
101,-1.7485319732381808,Sangat Rendah
102,1.3043402428781525,Sangat Tinggi
103,-1.6624919880356743,Sangat Rendah
104,1.0325462043416573,Sangat Tinggi
105,1.1267051368275833,Sangat Tinggi
106,-1.0909664302151982,Sangat Rendah
107,-0.4108142879545848,Rendah
108,-1.1057046684859357,Sangat Rendah
109,-0.21492103028873533,Sedang
110,-0.30803428418574125,Rendah
111,0.7796605322693398,Tinggi
112,1.3103087461196083,Sangat Tinggi
113,1.395683810789956,Sangat Tinggi
114,-0.5621680265783021,Rendah
115,-0.20922187374452778,Sedang
116,-1.6834381922209503,Sangat Rendah
117,-0.8058700664961888,Rendah
118,0.9648516330974576,Sangat Tinggi
119,1.6155828235482317,Sangat Tinggi
120,-1.234348871879922,Sangat Rendah
121,-0.5924642591528942,Rendah
122,-0.02640575695892703,Sedang
123,0.2801611588196068,Sedang
124,-0.8096035199216461,Rendah
125,0.4240610444640897,Tinggi
126,-0.47383934707091613,Rendah
127,-0.014452270878279104,Sedang
128,0.5462842480036996,Tinggi
129,0.0064222698109378164,Sedang
130,-0.4363858905265686,Rendah
131,-0.10960980392583083,Sedang
132,-0.08836295920533532,Sedang
133,-0.3700110298821277,Rendah
134,-0.25879606266710237,Rendah
135,1.598647170504717,Sangat Tinggi
136,0.5609194479412387,Tinggi
137,-0.29548031802916036,Rendah
138,0.6969544045107356,Tinggi
139,-0.33381948975600995,Rendah
140,1.1731246375866413,Sangat Tinggi
141,0.3696421921980939,Tinggi
142,-0.10730214400422888,Sedang
143,0.4477169258102776,Tinggi
144,-1.5708761520684993,Sangat Rendah
145,-1.1267674689098053,Sangat Rendah
146,-1.1939250063990554,Sangat Rendah
147,0.14294309476370676,Sedang
148,1.732514999485092,Sangat Tinggi
149,2.2313001461926323,Sangat Tinggi
150,0.6380511014407572,Tinggi
151,0.5008444749444569,Tinggi
152,-1.801057734152739,Sangat Rendah
153,-0.5426737997340217,Rendah
154,-0.7877837519082389,Rendah
155,-0.620847598251116,Rendah
156,-0.1681438185847896,Sedang
157,-0.47209057769712737,Rendah
158,-1.9792998103757877,Sangat Rendah
159,0.7479102561175338,Tinggi
160,-1.0727430257398065,Sangat Rendah
161,0.23924686411114954,Sedang
162,2.0740826697499735,Sangat Tinggi
163,-0.9193845915864234,Sangat Rendah
164,-2.5302875227463297,Sangat Rendah
165,-0.2860042218801108,Rendah
166,1.100959634998571,Sangat Tinggi
167,1.9583474542205939,Sangat Tinggi
168,-1.2295495944524168,Sangat Rendah
169,0.4966992232365217,Tinggi
170,-0.46531045678005334,Rendah
171,-0.10594835430413566,Sedang
172,2.6443433470170348,Sangat Tinggi
173,-1.5029703283951532,Sangat Rendah
174,0.25373966149457344,Sedang
175,0.4676931717654332,Tinggi
176,1.0857863249393471,Sangat Tinggi
177,0.09798315347089544,Sedang
178,0.3080505395041023,Tinggi
179,-0.3916485674217911,Rendah
180,0.26912694124510733,Sedang
181,-0.3431922754974105,Rendah
182,0.6215718898560508,Tinggi
183,-0.36961033604363397,Rendah
184,0.37710039390218647,Tinggi
185,-0.029262813684978354,Sedang
186,1.1260502507721681,Sangat Tinggi
187,-0.05139372358848624,Sedang
188,-1.7730324682068814,Sangat Rendah
189,1.2619215007139917,Sangat Tinggi
190,-0.9057323008626189,Sangat Rendah
191,-0.6537663386488198,Rendah
192,-0.5956612940434921,Rendah
193,1.3744380931708173,Sangat Tinggi
194,-2.1356742139786955,Sangat Rendah
195,3.1377485336599937,Sangat Tinggi
196,1.0560568090660518,Sangat Tinggi
197,0.22323891412915967,Sedang
198,-0.05489400061628639,Sedang
199,0.28555407485765694,Tinggi
200,0.5211224283793383,Tinggi
201,0.645215585950057,Tinggi
202,0.5556044660034485,Tinggi
203,0.08958068125524882,Sedang
204,-0.1973384203073261,Sedang
205,-0.1512732836535117,Sedang
206,-0.194908280352681,Sedang
207,1.1337700968670645,Sangat Tinggi
208,0.5935567222808619,Tinggi
209,-2.9403886346642802,Sangat Rendah
210,0.655900776529761,Tinggi
211,0.19473619471877485,Sedang
212,-0.018708756445897416,Sedang
213,-0.38851845308888583,Rendah
214,1.1241127199860135,Sangat Tinggi
215,0.9475264621228578,Sangat Tinggi
216,-0.7728776678236091,Rendah
217,0.4070522871245351,Tinggi
218,-0.971656734541286,Sangat Rendah
219,-1.3796181647889305,Sangat Rendah
220,-0.6267172245899651,Rendah
221,0.8623934723827588,Sangat Tinggi
222,0.9531250453760867,Sangat Tinggi
223,0.513085420097293,Tinggi
224,0.7250957868479971,Tinggi
225,0.5161782871149584,Tinggi
226,-0.6414815952229522,Rendah
227,0.43192254467394064,Tinggi
228,0.8004095252276823,Tinggi
229,0.7542913298135743,Tinggi
230,1.188913371474643,Sangat Tinggi
231,0.7083038472010638,Tinggi
232,0.3514482075415829,Tinggi
233,1.0701502383164274,Sangat Tinggi
234,-0.026521259249060063,Sedang
235,-0.8818746512277178,Sangat Rendah
236,-0.16306696394376388,Sedang
237,-0.7449026448064491,Rendah
238,-0.6751782749743815,Rendah
239,-0.14451867071551783,Sedang
240,-0.7924199209999613,Rendah
241,-0.3079615296390403,Rendah
242,-1.8936146669537857,Sangat Rendah
243,0.21329370737293857,Sedang
244,0.0012054753622242368,Sedang
245,-0.8170886310681906,Rendah
246,0.6592456684324051,Tinggi
247,0.9375701376265584,Sangat Tinggi
248,-1.6075598643689741,Sangat Rendah
249,-0.7627247785662142,Rendah
250,-0.7691423497872982,Rendah
251,-0.9399031011088647,Sangat Rendah
252,0.8294748419317485,Sangat Tinggi
253,-0.19382613877280352,Sedang
254,-0.26451484131061076,Rendah
255,-2.0038623644067535,Sangat Rendah
256,0.6354180302092264,Tinggi
257,-1.2392583948534726,Sangat Rendah
258,0.05993263026632825,Sedang
259,0.2773769379581917,Sedang
260,1.360658595838651,Sangat Tinggi
261,-1.308820399119112,Sangat Rendah
262,-3.0195121558208253,Sangat Rendah
263,0.18384954475369486,Sedang
264,1.8005111815108537,Sangat Tinggi
265,1.2389463529394373,Sangat Tinggi
266,0.20965941527462578,Sedang
267,-0.49163618563204736,Rendah
268,0.8071225966373103,Tinggi
269,-0.9735461997044687,Sangat Rendah
270,0.47635776935621926,Tinggi
271,0.5054701591666269,Tinggi
272,1.0602099074988798,Sangat Tinggi
273,2.7596600389110777,Sangat Tinggi
274,0.39241596717876703,Tinggi
275,-0.5089636257074988,Rendah
276,-0.025574312191994436,Sedang
277,-1.7690759048891183,Sangat Rendah
278,-0.6947131310890582,Rendah
279,-0.409282438113104,Rendah
280,-0.5240883979345925,Rendah
281,0.152354872033722,Sedang
282,-0.8224199323822006,Sangat Rendah
283,1.1210306673244714,Sangat Tinggi
284,0.00020706491819709385,Sedang
285,-0.009300321138614417,Sedang
286,-0.32789471651291785,Rendah
287,0.15519068385897913,Sedang
288,0.8250982646676347,Sangat Tinggi
289,-0.8671302157109003,Sangat Rendah
290,-0.6581164890752567,Rendah
291,-0.30372602877666466,Rendah
292,-1.345870923473215,Sangat Rendah
293,-0.8192578597214978,Sangat Rendah
294,-0.47622087354465903,Rendah
295,0.8743891807127275,Sangat Tinggi
296,0.26256132900192497,Sedang
297,0.19358991136754436,Sedang
298,0.8508979621679722,Sangat Tinggi
299,-0.13737178839939665,Sedang
300,0.3904648499288896,Tinggi
301,-0.10322175293249623,Sedang
302,0.26536234939962844,Sedang
303,-0.5827586576115821,Rendah
304,-2.438817158276429,Sangat Rendah
305,-0.13427916218630415,Sedang
306,1.42274813609994,Sangat Tinggi
307,0.9262154022415924,Sangat Tinggi
308,0.9653974845911707,Sangat Tinggi
309,1.2361307218062179,Sangat Tinggi
310,0.08865759096143744,Sedang
311,0.1973157074055956,Sedang
312,-0.6176518954343502,Rendah
313,-0.31607285602704976,Rendah
314,0.6157711497711416,Tinggi
315,1.2038844371688162,Sangat Tinggi
316,-0.13944627568099954,Sedang
317,-0.4501892648514116,Rendah
318,0.0005279588565972928,Sedang
319,0.6012067489291149,Tinggi
320,-1.4438548161335418,Sangat Rendah
321,-2.296180953137238,Sangat Rendah
322,-0.5505368494915835,Rendah
323,-1.2207124259141586,Sangat Rendah
324,-0.5081401976473109,Rendah
325,-0.14778031881747153,Sedang
326,-0.4532484090230134,Rendah
327,1.4524675344707454,Sangat Tinggi
328,0.32674476460232005,Tinggi
329,0.30047435961082836,Tinggi
330,0.6222071440434019,Tinggi
331,-1.1388331177807691,Sangat Rendah
332,1.0391117874202687,Sangat Tinggi
333,-0.07576428653545988,Sedang
334,0.6704806172412126,Tinggi
335,-1.0718572330401555,Sangat Rendah
336,-1.5537587660160643,Sangat Rendah
337,0.8178896580250287,Sangat Tinggi
338,0.3764095260975166,Tinggi
339,-0.9020515543575104,Sangat Rendah
340,-0.8696630812746944,Sangat Rendah
341,1.1254347844147694,Sangat Tinggi
342,-1.1894118928673278,Sangat Rendah
343,1.6426729532559634,Sangat Tinggi
344,-0.9006207346478687,Sangat Rendah
345,0.638391925608383,Tinggi
346,-0.3286184757489846,Rendah
347,0.6031874310823431,Tinggi
348,-0.5441140021141926,Rendah
349,-0.1627929060722942,Sedang
350,0.04091917539572113,Sedang
351,-1.0021874557814727,Sangat Rendah
352,0.7408243454201259,Tinggi
353,-0.5132135664715852,Rendah
354,-0.22859991534001858,Sedang
355,-0.9943493746085122,Sangat Rendah
356,-2.5623336587953105,Sangat Rendah
357,-0.19102776260016902,Sedang
358,2.412615421612916,Sangat Tinggi
359,0.7846042878980238,Tinggi
360,-0.01926037973439464,Sedang
361,-0.2628908292082677,Rendah
362,0.02246589281204638,Sedang
363,0.54711911517521,Tinggi
364,-1.1808128153088449,Sangat Rendah
365,1.114321694668872,Sangat Tinggi
366,0.7153813154412441,Tinggi
367,0.7181857257079345,Tinggi
368,0.4384757388097273,Tinggi
369,0.019616657693989903,Sedang
370,0.6728612359668199,Tinggi
371,0.591814133741378,Tinggi
372,-0.3540407109410238,Rendah
373,-0.573601772896901,Rendah
374,0.1018562952619867,Sedang
375,1.5490201514951873,Sangat Tinggi
376,-1.2391070756539009,Sangat Rendah
377,-1.46752526575244,Sangat Rendah
378,0.16476084123651674,Sedang
379,0.05088770185601806,Sedang
380,0.1733416643704082,Sedang
381,0.24395319790850026,Sedang
382,-0.22320225463480511,Sedang
383,1.4898634386020821,Sangat Tinggi
384,-1.6009039784765156,Sangat Rendah
385,-0.828497024780246,Sangat Rendah
386,-0.10325476014904739,Sedang
387,-1.6431888111541673,Sangat Rendah
388,-0.17585440443207118,Sedang
389,1.6614701657280182,Sangat Tinggi
390,0.020886488295961788,Sedang
391,0.23070090571868349,Sedang
392,-1.2601647651725802,Sangat Rendah
393,-0.6163614080394775,Rendah
394,-0.375196380323937,Rendah
395,-0.31771509675623405,Rendah
396,1.2816437950037687,Sangat Tinggi
397,0.5576910607251245,Tinggi
398,-1.111457956937032,Sangat Rendah
399,0.24650477843200488,Sedang
400,0.49822174849678513,Tinggi
401,1.1401490385212665,Sangat Tinggi
402,1.5805406865683735,Sangat Tinggi
403,-1.0150941918278686,Sangat Rendah
404,-0.8108575112103382,Rendah
405,-1.2575778589146163,Sangat Rendah
406,-0.23401985910698136,Rendah
407,0.4663583744463345,Tinggi
408,0.9873345165891019,Sangat Tinggi
409,-0.07595102364252276,Sedang
410,-0.31984752325484395,Rendah
411,0.15175799224874037,Sedang
412,-0.835142901630023,Sangat Rendah
413,2.0895387216947734,Sangat Tinggi
414,-1.6076610271180587,Sangat Rendah
415,0.18474057889572446,Sedang
416,2.0236062192296393,Sangat Tinggi
417,0.006799844559997769,Sedang
418,-0.19003903500149447,Sedang
419,-0.3574454228104272,Rendah
420,-0.18039168176240783,Sedang
421,1.3728484746765302,Sangat Tinggi
422,-2.211861911329507,Sangat Rendah
423,1.5334337012963255,Sangat Tinggi
424,-1.423957152450145,Sangat Rendah
425,-0.2666523292344148,Rendah
426,-0.42924442029866183,Rendah
427,0.5885532697707198,Tinggi
428,-1.5981243518837476,Sangat Rendah
429,0.46217266608194285,Tinggi
430,2.0243096232868525,Sangat Tinggi
431,-1.3631740045928105,Sangat Rendah
432,0.18970616761039566,Sedang
433,-0.6619821777966091,Rendah
434,0.42588720619303577,Tinggi
435,0.01914777741575206,Sedang
436,-0.6414869090443096,Rendah
437,0.487872284871074,Tinggi
438,1.804348109786743,Sangat Tinggi
439,-0.19090379172729868,Sedang
440,0.7197579421481819,Tinggi
441,-1.2932729578711637,Sangat Rendah
442,-0.9564363768180087,Sangat Rendah
443,0.47240627788037737,Tinggi
444,1.484116028535965,Sangat Tinggi
445,0.35561334878566,Tinggi
446,-0.31305803052315434,Rendah
447,-0.0007085945766459172,Sedang
448,-1.2504077339697175,Sangat Rendah
449,0.6045153263553668,Tinggi
450,0.8823330623234091,Sangat Tinggi
451,-0.45209033283308037,Rendah
452,-0.4700421477595015,Rendah
453,0.2658782296520485,Sedang
454,-0.4367197360405955,Rendah
455,-0.06613261462582246,Sedang
456,2.0997217891665154,Sangat Tinggi
457,-0.24702570074599667,Rendah
458,-0.3583401520212222,Rendah
459,-0.6475418056351592,Rendah
460,0.7441919714999368,Tinggi
461,-0.181224173218103,Sedang
462,-0.649373038321426,Rendah
463,1.321304032273012,Sangat Tinggi
464,1.4196030045136372,Sangat Tinggi
465,-0.6004235657387051,Rendah
466,-1.8665399513606162,Sangat Rendah
467,1.0075136898369221,Sangat Tinggi
468,-0.684629825760004,Rendah
469,0.7906255991627686,Tinggi
470,-1.9701038177118355,Sangat Rendah
471,0.8925973382993092,Sangat Tinggi
472,-1.2111719292807812,Sangat Rendah
473,0.7307641190665245,Tinggi
474,0.014273067836434106,Sedang
475,-0.9539394193966448,Sangat Rendah
476,-0.4070363129267805,Rendah
477,0.6863184569567008,Tinggi
478,0.10589445311523424,Sedang
479,0.5844129804724842,Tinggi
480,1.9764405845154855,Sangat Tinggi
481,-1.5642416117110514,Sangat Rendah
482,1.617212574968624,Sangat Tinggi
483,0.10435593752321293,Sedang
484,-0.8987840483231282,Sangat Rendah
485,-1.3303136257389898,Sangat Rendah
486,-0.1891203907770335,Sedang
487,0.9216501119244593,Sangat Tinggi
488,-0.12754912037753421,Sedang
489,1.5111549302473475,Sangat Tinggi
490,-1.4511756900515589,Sangat Rendah
491,-0.01208894784605456,Sedang
492,-1.252393444413119,Sangat Rendah
493,0.3636318826249679,Tinggi
494,0.8868873900973003,Sangat Tinggi
495,-0.42076179368105326,Rendah
496,-2.6042138566271342,Sangat Rendah
497,0.19894814679649453,Sedang
498,0.4367385517335095,Tinggi
499,0.40429475496169764,Tinggi
500,1.235782191822154,Sangat Tinggi
501,-1.0710536796490489,Sangat Rendah
502,0.6802161054504494,Tinggi
503,1.192507512477975,Sangat Tinggi
504,-1.7785875840065168,Sangat Rendah
505,0.31965182591897723,Tinggi
506,-0.5041798310076715,Rendah
507,-0.08152267310164589,Sedang
508,0.34767648353833636,Tinggi
509,-0.4872285641135523,Rendah
510,-0.6757080791616118,Rendah
511,0.0341524174880246,Sedang
512,-1.0872459388628026,Sangat Rendah
513,-1.0858251288851855,Sangat Rendah
514,0.6793732829565033,Tinggi
515,-1.148794035158656,Sangat Rendah
516,0.6663125009092119,Tinggi
517,0.4625912928539512,Tinggi
518,-1.7258067287905967,Sangat Rendah
519,-0.6775646523356551,Rendah
520,1.1941094030473725,Sangat Tinggi
521,-0.9811655311396816,Sangat Rendah
522,-0.46440426230938764,Rendah
523,0.4620608932518965,Tinggi
524,0.7833905092825955,Tinggi
525,-0.2515388860444957,Rendah
526,-0.5975101946916416,Rendah
527,1.4223698616985077,Sangat Tinggi
528,1.7388996637975789,Sangat Tinggi
529,0.9788580507817954,Sangat Tinggi
530,0.08531814256502405,Sedang
531,-0.8082657216409264,Rendah
532,-0.8304444065565653,Sangat Rendah
533,0.5225141052657575,Tinggi
534,0.4183982208886837,Tinggi
535,1.4015985929464294,Sangat Tinggi
536,0.6504500925361392,Tinggi
537,-1.503080301759818,Sangat Rendah
538,1.0519476177229186,Sangat Tinggi
539,-0.9980606273144129,Sangat Rendah
540,-0.3839712719523516,Rendah
541,0.2502002062516945,Sedang
542,1.9956674897839644,Sangat Tinggi
543,3.109918556005361,Sangat Tinggi
544,0.6067230591361827,Tinggi
545,-0.18319661872038787,Sedang
546,0.5345056484805503,Tinggi
547,0.8876554258738361,Sangat Tinggi
548,-0.3206676255571917,Rendah
549,1.7952113559123222,Sangat Tinggi
550,0.23007075919140207,Sedang
551,0.49774308909139425,Tinggi
552,0.6659242520544614,Tinggi
553,0.4215866106144557,Tinggi
554,0.8389405004696122,Sangat Tinggi
555,-0.6172531865469232,Rendah
556,-0.5583017539460305,Rendah
557,-1.100154232971695,Sangat Rendah
558,0.4395012306202264,Tinggi
559,0.7789365035121141,Tinggi
560,0.4577728661518858,Tinggi
561,1.6744924333475373,Sangat Tinggi
562,-0.005596018829046555,Sedang
563,0.6687416555925126,Tinggi
564,-1.0917008761393143,Sangat Rendah
565,-0.387099702474401,Rendah
566,0.6955377575657775,Tinggi
567,0.849102110743144,Sangat Tinggi
568,-0.29396694766418224,Rendah
569,-0.07159925185806683,Sedang
570,-1.5178737466808094,Sangat Rendah
571,-0.3570292008066094,Rendah
572,0.8903831635197862,Sangat Tinggi
573,0.5752050161065663,Tinggi
574,0.5006657213812097,Tinggi
575,0.04977368718096008,Sedang
576,0.007063158628176452,Sedang
577,-0.6603211394734471,Rendah
578,0.6988284202025348,Tinggi
579,0.4209729443893898,Tinggi
580,0.49201884799279927,Tinggi
581,-0.5260348426675804,Rendah
582,-2.1533429198712444,Sangat Rendah
583,1.0971527117536957,Sangat Tinggi
584,-0.47883745600840416,Rendah
585,-0.8627757640431206,Sangat Rendah
586,0.6934789119139937,Tinggi
587,-0.3920126399191296,Rendah
588,1.0599363840466218,Sangat Tinggi
589,0.6170059495766975,Tinggi
590,0.6835693232004776,Tinggi
591,-1.3659557112005343,Sangat Rendah
592,1.2119439853864005,Sangat Tinggi
593,0.26125053123385605,Sedang
594,-0.36927713924620315,Rendah
595,0.14338846734225108,Sedang
596,-1.77623523289832,Sangat Rendah
597,0.40865281148067084,Tinggi
598,-1.0293715081820716,Sangat Rendah
599,-1.3526702858435344,Sangat Rendah
600,-1.5223591862178911,Sangat Rendah
601,1.1126883749899252,Sangat Tinggi
602,-0.6292633936927887,Rendah
603,1.5337277099164992,Sangat Tinggi
604,-0.5358014630522978,Rendah
605,-1.7073579575929467,Sangat Rendah
606,-1.1165244399486591,Sangat Rendah
607,1.2358116200069387,Sangat Tinggi
608,-0.15589817793666752,Sedang
609,-0.5482872964906009,Rendah
610,0.1600182258527877,Sedang
611,0.501782736167545,Tinggi
612,1.1173988159024608,Sangat Tinggi
613,1.4484992298929262,Sangat Tinggi
614,-0.35976864578908574,Rendah
615,-1.3260476860820383,Sangat Rendah
616,-0.413465161123276,Rendah
617,0.26028050658288615,Sedang
618,-0.9637589262106109,Sangat Rendah
619,-0.9571509148950429,Sangat Rendah
620,0.34378788154988543,Tinggi
621,-0.04865235157045115,Sedang
622,0.03279699541158651,Sedang
623,-0.7584953347000695,Rendah
624,-0.23040071420576733,Rendah
625,-0.9242331442683044,Sangat Rendah
626,0.8901984111247868,Sangat Tinggi
627,1.0352493347237526,Sangat Tinggi
628,-1.8461878622380938,Sangat Rendah
629,-0.92951086019241,Sangat Rendah
630,-1.496529255090079,Sangat Rendah
631,-0.6500239344068982,Rendah
632,-0.08343796979036086,Sedang
633,-1.44964521969853,Sangat Rendah
634,-0.9218598131253132,Sangat Rendah
635,-1.0039573720814985,Sangat Rendah
636,0.20726732939894396,Sedang
637,0.06934433703625043,Sedang
638,-0.7217375533372533,Rendah
639,0.17682087213939798,Sedang
640,-0.5466800845872654,Rendah
641,-0.2716551103260533,Rendah
642,1.673452090298537,Sangat Tinggi
643,1.340461051790348,Sangat Tinggi
644,-1.2995812369275976,Sangat Rendah
645,0.8297324178791745,Sangat Tinggi
646,0.8113965544915921,Tinggi
647,-1.1482632887526183,Sangat Rendah
648,0.8187776437548606,Sangat Tinggi
649,1.5379319184125528,Sangat Tinggi
650,-1.1225448062444139,Sangat Rendah
651,-0.9175028210142636,Sangat Rendah
652,1.0176614668435024,Sangat Tinggi
653,0.271495310825648,Sedang
654,0.5514762752395233,Tinggi
655,0.3405892164004968,Tinggi
656,0.39069592092814415,Tinggi
657,-1.326472128311083,Sangat Rendah
658,1.0473177066214483,Sangat Tinggi
659,1.1695899924277735,Sangat Tinggi
660,-0.22939074406802776,Rendah
661,-0.04347694981386243,Sedang
662,-1.5311075025557221,Sangat Rendah
663,0.5142547560178349,Tinggi
664,0.5720574417141441,Tinggi
665,-0.062191016999311004,Sedang
666,1.1243533598705027,Sangat Tinggi
667,-0.3340772309799405,Rendah
668,0.5646059258936003,Tinggi
669,-1.0196643386921156,Sangat Rendah
670,-0.02355215087423812,Sedang
671,-0.17435425790283585,Sedang
672,0.22530792204094158,Sedang
673,-0.3695269288333586,Rendah
674,-0.1314725956716678,Sedang
675,0.8260471714415063,Sangat Tinggi
676,-0.43676423723821745,Rendah
677,-1.6065771007386793,Sangat Rendah
678,1.7495839042054206,Sangat Tinggi
679,1.3814540786904865,Sangat Tinggi
680,-1.2922626951056186,Sangat Rendah
681,0.6897078052451944,Tinggi
682,-0.5029747705513431,Rendah
683,0.26348721533105957,Sedang
684,0.2942241290134937,Tinggi
685,-0.234407800316322,Rendah
686,-0.7837656655863965,Rendah
687,-0.6905410523162594,Rendah
688,-0.9161919154812425,Sangat Rendah
689,-0.8318222082304447,Sangat Rendah
690,-0.06717829004935526,Sedang
691,-0.7157599891107518,Rendah
692,0.6820520657126199,Tinggi
693,1.4872461553359273,Sangat Tinggi
694,-0.580053241370043,Rendah
695,0.23940450053537707,Sedang
696,0.49968511030293383,Tinggi
697,0.4720022709192744,Tinggi
698,0.07595526791608741,Sedang
699,0.7426824183597224,Tinggi
700,0.4822489526806572,Tinggi
701,-1.2376624223272978,Sangat Rendah
702,0.8691560643892732,Sangat Tinggi
703,0.8872908372667421,Sangat Tinggi
704,-0.7632861041785816,Rendah
705,0.03793783544760203,Sedang
706,0.6833289928110694,Tinggi
707,-0.20931381957936157,Sedang
708,1.0729780477660118,Sangat Tinggi
709,2.3638724946193608,Sangat Tinggi
710,-0.7859860326349823,Rendah
711,-1.3810446031537749,Sangat Rendah
712,0.30381859560487573,Tinggi
713,0.7215625051261435,Tinggi
714,-0.23086637384476896,Rendah
715,1.4532606633210343,Sangat Tinggi
716,-1.3386057997232488,Sangat Rendah
717,0.6929186230316111,Tinggi
718,-0.6058608207588934,Rendah
719,1.7193779062072967,Sangat Tinggi
720,1.9925153531681183,Sangat Tinggi
721,-0.7666565877833479,Rendah
722,-0.5495571359085801,Rendah
723,0.8595878869798019,Sangat Tinggi
724,-0.3871306497895146,Rendah
725,-0.04541121793223822,Sedang
726,0.02538842054241018,Sedang
727,-1.9196731561976563,Sangat Rendah
728,-0.01383774609423725,Sedang
729,-0.6897277740641738,Rendah
730,-0.493122822399772,Rendah
731,1.4436320034688142,Sangat Tinggi
732,-1.2565068942792563,Sangat Rendah
733,0.8132051867479773,Tinggi
734,-0.2789629303318085,Rendah
735,-0.2797601684958344,Rendah
736,0.7903718960517113,Tinggi
737,0.34005129456889044,Tinggi
738,0.570612997219531,Tinggi
739,0.9681846605328611,Sangat Tinggi
740,-0.33130838318332273,Rendah
741,-0.6122367345077503,Rendah
742,-1.085150526557798,Sangat Rendah
743,-0.8254105299789551,Sangat Rendah
744,2.9490944253087252,Sangat Tinggi
745,1.2446795807367868,Sangat Tinggi
746,-1.3510743662080213,Sangat Rendah
747,-1.3224579567435701,Sangat Rendah
748,0.4818660617184915,Tinggi
749,0.547264797377967,Tinggi
750,0.5488838353173644,Tinggi
751,-0.25495579355369785,Rendah
752,-0.12545426000290022,Sedang
753,0.3278795241593574,Tinggi
754,0.08589300629333041,Sedang
755,-2.219300372747535,Sangat Rendah
756,-0.22979963057519381,Rendah
757,-0.8514064342603136,Sangat Rendah
758,0.17521141890851205,Sedang
759,2.98525900260341,Sangat Tinggi
760,0.3674816654743044,Tinggi
761,-0.3135296861723979,Rendah
762,0.9218015019772522,Sangat Tinggi
763,0.4826878872092127,Tinggi
764,0.4200944904518413,Tinggi
765,0.606850593215671,Tinggi
766,2.0565435648295414,Sangat Tinggi
767,-1.1308884353259157,Sangat Rendah
768,0.47363207681145447,Tinggi
769,-0.9263811299815384,Sangat Rendah
770,0.5555126463422483,Tinggi
771,-0.9186865114860944,Sangat Rendah
772,-0.4173668136050844,Rendah
773,-0.2950899142379063,Rendah
774,0.975816719344709,Sangat Tinggi
775,0.9184544439424138,Sangat Tinggi
776,-1.2457173764463845,Sangat Rendah
777,0.054934110999848726,Sedang
778,-0.7095798547491726,Rendah
779,-1.2585049106753345,Sangat Rendah
780,-0.21701705042437042,Sedang
781,-0.3084827884558197,Rendah
782,2.4267164863455224,Sangat Tinggi
783,0.43295982536069616,Tinggi
784,-1.3776175007542373,Sangat Rendah
785,-0.5647740041709423,Rendah
786,1.0213832954293984,Sangat Tinggi
787,2.088442772869925,Sangat Tinggi
788,-1.5859833122379583,Sangat Rendah
789,-1.879924385139045,Sangat Rendah
790,1.8709651753717822,Sangat Tinggi
791,0.38961417737090387,Tinggi
792,-0.8682927318763665,Sangat Rendah
793,0.5346290861224353,Tinggi
794,-2.6357477390168778,Sangat Rendah
795,0.003375506597160999,Sedang
796,0.32782117284308526,Tinggi
797,0.9242701395378298,Sangat Tinggi
798,-1.0138959522925377,Sangat Rendah
799,0.08568716140335904,Sedang
800,-0.9254246260595873,Sangat Rendah
801,0.2553837556743171,Sedang
802,-0.8953463223630241,Sangat Rendah
803,-0.4081008391602206,Rendah
804,-0.9958153947902291,Sangat Rendah
805,0.651136241823657,Tinggi
806,0.8584511166566653,Sangat Tinggi
807,-0.2346205699574138,Rendah
808,0.03823799496002834,Sedang
809,-1.4485914146335441,Sangat Rendah
810,-0.29967664800678706,Rendah
811,-0.05020461704174478,Sedang
812,2.620793091029975,Sangat Tinggi
813,-1.1119670257741636,Sangat Rendah
814,1.4641772387524374,Sangat Tinggi
815,0.996858773465808,Sangat Tinggi
816,0.2806364044901364,Tinggi
817,1.7586204841951334,Sangat Tinggi
818,0.3721054726068629,Tinggi
819,0.3891591956679287,Tinggi
820,-0.053120653017545344,Sedang
821,1.2235688824186275,Sangat Tinggi
822,1.0964692338108837,Sangat Tinggi
823,-0.6256772874962124,Rendah
824,-1.3192471945987674,Sangat Rendah
825,-0.20298063739565708,Sedang
826,-0.8000385643976464,Rendah
827,-0.0635245746153551,Sedang
828,1.2374381346841392,Sangat Tinggi
829,-0.45730165508679,Rendah
830,-0.04282338131157488,Sedang
831,0.058022734808395225,Sedang
832,0.8484308822052846,Sangat Tinggi
833,-2.246889333984605,Sangat Rendah
834,-0.6067002947652967,Rendah
835,0.21128369227947272,Sedang
836,1.2000789564268612,Sangat Tinggi
837,-0.49190244750620515,Rendah
838,-1.876552706041874,Sangat Rendah
839,0.6197114459661363,Tinggi
840,-0.6353623888256293,Rendah
841,-1.1896666590903613,Sangat Rendah
842,-0.6243453897132241,Rendah
843,-0.18452535765584954,Sedang
844,-0.6047446645382127,Rendah
845,-2.205566057099069,Sangat Rendah
846,0.8970661968871322,Sangat Tinggi
847,1.2748750412787222,Sangat Tinggi
848,0.6515219913395057,Tinggi
849,-1.1376856704248166,Sangat Rendah
850,-0.20149153394751798,Sedang
851,-0.006521315229458062,Sedang
852,0.5987943895619102,Tinggi
853,0.6683404887180808,Tinggi
854,-0.7341737987784958,Rendah
855,0.08199555641356042,Sedang
856,0.4572804046152411,Tinggi
857,1.4558223221467665,Sangat Tinggi
858,0.7045065398247231,Tinggi
859,0.7890566873755189,Tinggi
860,0.08382662792936094,Sedang
861,1.4104591452035038,Sangat Tinggi
862,0.4097627959594974,Tinggi
863,-0.8610879101735704,Sangat Rendah
864,1.4033699701251907,Sangat Tinggi
865,0.6979032725390276,Tinggi
866,-0.4430440211284823,Rendah
867,-0.47949296739924335,Rendah
868,0.2965755451407618,Tinggi
869,0.4631847952675847,Tinggi
870,0.19729226563120644,Sedang
871,0.3113086734428849,Tinggi
872,1.6999573745763805,Sangat Tinggi
873,1.0715431522348857,Sangat Tinggi
874,0.19063559126502433,Sedang
875,0.9413105807674833,Sangat Tinggi
876,-1.0325239035275395,Sangat Rendah
877,0.39792704994680894,Tinggi
878,1.80930634973311,Sangat Tinggi
879,-0.21804589539237385,Sedang
880,-0.8476339286190848,Sangat Rendah
881,-0.6520888885930607,Rendah
882,-1.0896330373423884,Sangat Rendah
883,-0.7847619081277034,Rendah
884,-0.370508098590029,Rendah
885,-1.405567019178642,Sangat Rendah
886,0.015618333949603047,Sedang
887,0.9022771737866472,Sangat Tinggi
888,-0.9077561801469204,Sangat Rendah
889,1.5192839236417688,Sangat Tinggi
890,0.5107920885275947,Tinggi
891,1.0305805856240573,Sangat Tinggi
892,-0.6578345538521371,Rendah
893,0.8545252270666157,Sangat Tinggi
894,-1.091933900395313,Sangat Rendah
895,0.8902475008365087,Sangat Tinggi
896,0.17183933979353122,Sedang
897,0.5532512199847837,Tinggi
898,-1.1755946056248516,Sangat Rendah
899,-0.8950698422766047,Sangat Rendah
900,0.5972282182533848,Tinggi
901,-0.9483480042242007,Sangat Rendah
902,0.46320629209912306,Tinggi
903,-1.3671378064602457,Sangat Rendah
904,0.8481742126666681,Sangat Tinggi
905,-1.232523314768509,Sangat Rendah
906,0.5522999376795232,Tinggi
907,0.6256309336460009,Tinggi
908,-0.6967718184295749,Rendah
909,0.5820265670847269,Tinggi
910,0.26044226333355597,Sedang
911,-0.5388418561927383,Rendah
912,-1.008554684076208,Sangat Rendah
913,-1.962625691672579,Sangat Rendah
914,0.3496500472996937,Tinggi
915,-1.5648027713620551,Sangat Rendah
916,0.0953441994413082,Sedang
917,-0.2634482160822491,Rendah
918,0.6791427754381955,Tinggi
919,-0.3020454994898642,Rendah
920,-0.3294477863470914,Rendah
921,0.7318707042882956,Tinggi
922,0.3350580290841175,Tinggi
923,0.3161559571827783,Tinggi
924,0.46926758980852623,Tinggi
925,-1.5355721232071058,Sangat Rendah
926,0.756788679986982,Tinggi
927,0.6124687940136023,Tinggi
928,-1.0166831285764972,Sangat Rendah
929,-0.2440804736742013,Rendah
930,-0.039307287627631186,Sedang
931,-0.1344967844017327,Sedang
932,0.33385996656853467,Tinggi
933,1.4313667818311835,Sangat Tinggi
934,1.0817667276728287,Sangat Tinggi
935,-1.3122191934314063,Sangat Rendah
936,0.6220699903060487,Tinggi
937,1.3289333195354096,Sangat Tinggi
938,0.38680852068920263,Tinggi
939,1.090980425185967,Sangat Tinggi
940,2.012270445700765,Sangat Tinggi
941,1.0237095461069814,Sangat Tinggi
942,0.24930859564172886,Sedang
943,1.0450884740847535,Sangat Tinggi
944,0.14488783309689118,Sedang
945,0.02390304328495547,Sedang
946,-0.35141423571373254,Rendah
947,1.5634133588321082,Sangat Tinggi
948,-0.8184286659420014,Rendah
949,1.532367724678116,Sangat Tinggi
950,0.49986412374037137,Tinggi
951,-1.3993061748019415,Sangat Rendah
952,0.3676492929914216,Tinggi
953,-2.100026507651624,Sangat Rendah
954,0.6255080168310357,Tinggi
955,0.885231482988991,Sangat Tinggi
956,-0.5923559556520536,Rendah
957,0.12354769595558233,Sedang
958,1.9541574337502863,Sangat Tinggi
959,-0.5057467042619367,Rendah
960,-1.0589075870566005,Sangat Rendah
961,1.4816634024625988,Sangat Tinggi
962,1.9625871905307948,Sangat Tinggi
963,0.0036956718478473255,Sedang
964,1.0114630354083562,Sangat Tinggi
965,1.341475915530881,Sangat Tinggi
966,-0.742484232538384,Rendah
967,-0.4853058353678683,Rendah
968,1.230874513154735,Sangat Tinggi
969,1.6850142787085094,Sangat Tinggi
970,0.5628808601743548,Tinggi
971,-0.8798143535020543,Sangat Rendah
972,1.9870611116994412,Sangat Tinggi
973,-0.5309708978119645,Rendah
974,-0.33513778117145177,Rendah
975,0.34233783448962146,Tinggi
976,1.5541604207147741,Sangat Tinggi
977,0.8539759765522237,Sangat Tinggi
978,0.41486550036191044,Tinggi
979,0.4632885301181062,Tinggi
980,0.04351466864346608,Sedang
981,0.5581395145185063,Tinggi
982,-2.529560077694303,Sangat Rendah
983,-0.29660745906979835,Rendah
984,0.241321934916781,Sedang
985,-1.151014083619507,Sangat Rendah
986,0.38632331781156,Tinggi
987,-0.20447122098612153,Sedang
988,1.75547569831549,Sangat Tinggi
989,1.5730197252148563,Sangat Tinggi
990,-0.46580556911816284,Rendah
991,-0.15083771156669531,Sedang
992,-0.0739475656083926,Sedang
993,-0.4516594761596227,Rendah
994,0.19502498402812674,Sedang
995,-0.7582820688875902,Rendah
996,-1.1306153349375263,Sangat Rendah
997,0.6227112239002686,Tinggi
998,0.6295295842218108,Tinggi
999,-0.8043157596599924,Rendah
